(First) Author,Year,Title,(representative) Materials,Molecular Weight (g/mol),Density (g/cm3),C in comononmer A,C in comononmer B,%B,CH in A,CH in A+B,CH2 in A,CH2 in A+B,CH3 in A+B,CH bonds A+B,N in A+B,O in A+B,C=O,%C=O,Rings,%C in rings,Tm(°C),Tg (°C),Crystallinity%,"Critical thickness of the specimen (Lcrit, mm)",Surface area (mm2),Specific surface area (mm2/mm3),Pretrement,Level,Temperature,pH,k Biodegradation rate (s^-1) first-order,T Lag time (days),A%,Degradation%,Time (days),End point
Abou-Zeid,2001,"Degradation of natural and synthetic polyesters under
anaerobic conditions",(PCL) Polycaprolactone,50000,1.145,6,0,0,0,0,5,5,0,10,0,2,1,12.5,0,0,60,-60,55,0.1,183.8,20.42222222,1 Indoor,4,37,6.8,6.2328E-09,0,86.5,3.2,70,0
Abou-Zeid,2001,"Degradation of natural and synthetic polyesters under
anaerobic conditions",(PCL) Polycaprolactone,50000,1.145,6,0,0,0,0,5,5,0,10,0,2,1,12.5,0,0,60,-60,55,0.1,183.8,20.42222222,1 Indoor,5,37,6.8,1.52056E-08,0,86.5,7.6,70,0
Abou-Zeid,2001,"Degradation of natural and synthetic polyesters under
anaerobic conditions",(PCL) Polycaprolactone,50000,1.145,6,0,0,0,0,5,5,0,10,0,2,1,12.5,0,0,60,-60,55,0.1,989.6,20.16,1 Indoor,5,37,6.8,5.47716E-07,0,86.5,30,9,0
Abou-Zeid,2001,"Degradation of natural and synthetic polyesters under
anaerobic conditions",(PCL) Polycaprolactone,50000,1.145,6,0,0,0,0,5,5,0,10,0,2,1,12.5,0,0,60,-60,55,0.1,989.6,20.16,1 Indoor,5,37,6.8,9.412E-07,0,16.39,16.6,42,1
Abou-Zeid,2001,"Degradation of natural and synthetic polyesters under
anaerobic conditions",(P3HB) Poly(3-hydroxybutyrate),540000,1.22,4,0,0,1,1,1,1,1,6,0,2,1,16.67,0,0,180,6,88.58,0.385,0.465662571,15.58441558,1 Indoor,4,37,6.8,0.000010429,0.01856,97.81,95.54,4.75,1
Abou-Zeid,2001,"Degradation of natural and synthetic polyesters under
anaerobic conditions",(P3HB) Poly(3-hydroxybutyrate),540000,1.22,4,0,0,1,1,1,1,1,6,0,2,1,16.67,0,0,180,6,88.58,0.1,183.8,20.42222222,1 Indoor,4,37,6.8,2.82174E-08,0,97.52,15.3,70,0
Abou-Zeid,2001,"Degradation of natural and synthetic polyesters under
anaerobic conditions",(P3HB) Poly(3-hydroxybutyrate),540000,1.22,4,0,0,1,1,1,1,1,6,0,2,1,16.67,0,0,180,6,88.58,0.1,183.8,20.42222222,1 Indoor,5,37,6.8,4.44758E-08,0,97.52,23,70,0
Abou-Zeid,2001,"Degradation of natural and synthetic polyesters under
anaerobic conditions",(P3HB) Poly(3-hydroxybutyrate),540000,1.22,4,0,0,1,1,1,1,1,6,0,2,1,16.67,0,0,180,6,88.58,0.1,989.6,20.16,1 Indoor,5,37,6.8,6.3322E-06,2.238,100,100,11,1
Abou-Zeid,2001,"Degradation of natural and synthetic polyesters under
anaerobic conditions",(P3HB) Poly(3-hydroxybutyrate),540000,1.22,4,0,0,1,1,1,1,1,6,0,2,1,16.67,0,0,180,6,88.58,0.1,989.6,20.16,1 Indoor,5,37,6.8,0.00000592,N.A.,100,100,9,1
Abou-Zeid,2001,"Degradation of natural and synthetic polyesters under
anaerobic conditions",(P3HB) Poly(3-hydroxybutyrate),540000,1.22,4,0,0,1,1,1,1,1,6,0,2,1,16.67,0,0,180,6,88.58,0.1,989.6,20.16,1 Indoor,6,35,6.8,4.3553E-07,4.151,35,32,77,1
Abou-Zeid,2001,"Degradation of natural and synthetic polyesters under
anaerobic conditions",(P3HB) Poly(3-hydroxybutyrate),540000,1.22,4,0,0,1,1,1,1,1,6,0,2,1,16.67,0,0,180,6,88.58,0.1,989.6,20.16,1 Indoor,6,37,6.8,0.000016528,0.7164,95.73,93.8,7.1125,1
Abou-Zeid,2001,"Degradation of natural and synthetic polyesters under
anaerobic conditions",(P3HB) Poly(3-hydroxybutyrate),540000,1.22,4,0,0,1,1,1,1,1,6,0,2,1,16.67,0,0,180,6,88.58,0.1,989.6,20.16,1 Indoor,6,37,5.8,0.000007,1.105,29,26.6,6.816666667,1
Amass,1998,A Review of Biodegradable Polymers,(P3HB) Poly(3-hydroxybutyrate),800000,1.25,4,0,0,1,1,1,1,1,6,0,2,1,16.67,0,0,173.1,4,61.78,0.12,410.5,16.93333333,1 Indoor,0,37,7.4,2.26721E-08,0,97.52,18,104.1666667,0
Ansari,2020,Characterization of Nostoc muscorum NCCU-442 Derived Poly-3-hydroxybutyrate (PHB) and Polyethylene Glycol (PEG) Blends,(P3HB) Poly(3-hydroxybutyrate),700000,1.25,4,0,0,1,1,1,1,1,6,0,2,1,16.67,0,0,171,2,56.78,0.12,1814.4,16.8,1 Indoor,5,28,6.8,8.978E-08,24.22,97.52,25.3,60,0
Ansari,2016,"Cyanobacterial Polyhydroxybutyrate (PHB): Screening, Optimization and Characterization",(P3HB) Poly(3-hydroxybutyrate),230000,1.22,4,0,0,1,1,1,1,1,6,0,2,1,16.67,0,0,171,6,56.78,0.12,1814.4,16.8,1 Indoor,5,28,6.8,7.5336E-08,18.63,97.52,24.7,60,0
Bagheri,2017,Fate of So-Called Biodegradable Polymers in Seawater and Freshwater,(PCL) Polycaprolactone,80000,1.145,6,0,0,0,0,5,5,0,10,0,2,1,12.5,0,0,59,-59,60,0.32,303.36,6.58,1 Indoor,1,25,7,4.8264E-10,0,86.5,1.2,380,0
Bagheri,2017,Fate of So-Called Biodegradable Polymers in Seawater and Freshwater,(PCL) Polycaprolactone,80000,1.145,6,0,0,0,0,5,5,0,10,0,2,1,12.5,0,0,59,-59,60,0.32,303.36,6.58,1 Indoor,2,25,7.9,4.3241E-10,0,86.5,0.9,380,0
Bagheri,2017,Fate of So-Called Biodegradable Polymers in Seawater and Freshwater,(PLA) Polylactic acid,230000,1.28,3,0,0,1,1,0,0,1,4,0,2,1,20,0,0,187.5,72.5,45.79,0.32,303.36,6.58,1 Indoor,1,25,7,6.09772E-11,0,98.3,0.2,380,0
Bagheri,2017,Fate of So-Called Biodegradable Polymers in Seawater and Freshwater,(PLA) Polylactic acid,230000,1.28,3,0,0,1,1,0,0,1,4,0,2,1,20,0,0,187.5,72.5,45.79,0.32,303.36,6.58,1 Indoor,2,25,7.9,6.09772E-11,0,98.3,0.2,380,0
Bagheri,2017,Fate of So-Called Biodegradable Polymers in Seawater and Freshwater,(P3HB) Poly(3-hydroxybutyrate),250000,1.22,4,0,0,1,1,1,1,1,6,0,2,1,16.67,0,0,176.5,7.5,65.5,0.32,303.36,6.58,1 Indoor,1,25,7,2.7465E-09,0,97.52,7.4,380,0
Bagheri,2017,Fate of So-Called Biodegradable Polymers in Seawater and Freshwater,(P3HB) Poly(3-hydroxybutyrate),250000,1.22,4,0,0,1,1,1,1,1,6,0,2,1,16.67,0,0,176.5,7.5,65.5,0.32,303.36,6.58,1 Indoor,2,25,7.9,2.4896E-09,0,97.52,6.4,380,0
Batista,1998,"Comparison of the Catalytic Activity of PHB–Depolymerase, Yeast Lipase, and Papain on Poly(ethylene adipate), Poly(ethylene succinate), and Poly
(3-hydroxybutyric acid)-co-(3-hydroxyvaleric acid)", (PES)Poly(ethylene succinate),7200,1.36,6,0,0,0,0,4,4,0,8,0,4,2,20,0,0,100,-13.9,74.47,0.9,259.99,2.56,1 Indoor,6,37,6.8,5.55138E-08,0,93.89,3.1,7,0
Batista,1998,"Comparison of the Catalytic Activity of PHB–Depolymerase, Yeast Lipase, and Papain on Poly(ethylene adipate), Poly(ethylene succinate), and Poly
(3-hydroxybutyric acid)-co-(3-hydroxyvaleric acid)", (PES)Poly(ethylene succinate),7200,1.36,6,0,0,0,0,4,4,0,8,0,4,2,20,0,0,100,-13.9,74.47,0.9,259.99,2.56,1 Indoor,6,37,6.8,3.9204E-08,0,93.89,2.2,7,0
Batista,1998,"Comparison of the Catalytic Activity of PHB–Depolymerase, Yeast Lipase, and Papain on Poly(ethylene adipate), Poly(ethylene succinate), and Poly
(3-hydroxybutyric acid)-co-(3-hydroxyvaleric acid)", (PES)Poly(ethylene succinate),7200,1.36,6,0,0,0,0,4,4,0,8,0,4,2,20,0,0,100,-13.9,74.47,0.9,259.99,2.56,1 Indoor,6,37,6.8,1.70513E-07,0,93.89,9.2,7,0
Batista,1998,"Comparison of the Catalytic Activity of PHB–Depolymerase, Yeast Lipase, and Papain on Poly(ethylene adipate), Poly(ethylene succinate), and Poly
(3-hydroxybutyric acid)-co-(3-hydroxyvaleric acid)", (PES)Poly(ethylene succinate),7200,1.36,6,0,0,0,0,4,4,0,8,0,4,2,20,0,0,100,-13.9,74.47,0.9,259.99,2.56,1 Indoor,7,37,6.8,1.82744E-06,0,93.89,62.8,7,0
Batista,1998,"Comparison of the Catalytic Activity of PHB–Depolymerase, Yeast Lipase, and Papain on Poly(ethylene adipate), Poly(ethylene succinate), and Poly
(3-hydroxybutyric acid)-co-(3-hydroxyvaleric acid)",(PEA) Poly(ethylene adipate),10000,1.22,8,0,0,0,0,6,6,0,12,0,4,2,16.67,0,0,46,-49.5,26.41,0.9,259.99,2.56,1 Indoor,7,37,6.8,1.15863E-06,0,93.89,47.3,7,0
Batista,1998,"Comparison of the Catalytic Activity of PHB–Depolymerase, Yeast Lipase, and Papain on Poly(ethylene adipate), Poly(ethylene succinate), and Poly
(3-hydroxybutyric acid)-co-(3-hydroxyvaleric acid)",(PEA) Poly(ethylene adipate),10000,1.22,8,0,0,0,0,6,6,0,12,0,4,2,16.67,0,0,46,-49.5,26.41,0.9,259.99,2.56,1 Indoor,6,37,6.8,8.49123E-08,0,93.89,4.7,7,0
Batista,1998,"Comparison of the Catalytic Activity of PHB–Depolymerase, Yeast Lipase, and Papain on Poly(ethylene adipate), Poly(ethylene succinate), and Poly
(3-hydroxybutyric acid)-co-(3-hydroxyvaleric acid)",(PEA) Poly(ethylene adipate),10000,1.22,8,0,0,0,0,6,6,0,12,0,4,2,16.67,0,0,46,-49.5,26.41,0.9,259.99,2.56,1 Indoor,6,37,6.8,1.5884E-07,0,93.89,8.6,7,0
Batista,1998,"Comparison of the Catalytic Activity of PHB–Depolymerase, Yeast Lipase, and Papain on Poly(ethylene adipate), Poly(ethylene succinate), and Poly
(3-hydroxybutyric acid)-co-(3-hydroxyvaleric acid)",(PEA) Poly(ethylene adipate),10000,1.22,8,0,0,0,0,6,6,0,12,0,4,2,16.67,0,0,46,-49.5,26.41,0.9,259.99,2.56,1 Indoor,7,37,6.8,2.98326E-07,0,93.89,15.5,7,0
bernhard,2008,Aerobic biodegradation of polyethylene glycols of different molecular weights in wastewater and seawater,(PEG) Poly(ethylene glycol),57759,1.11,2,0,0,0,0,2,2,0,4,0,1,0,0,0,0,69,-28.15,93,0.385,0.465662571,15.58441558,1 Indoor,4,22,7.4,7.7106E-07,21.35,100,98.15,65,0
bernhard,2008,Aerobic biodegradation of polyethylene glycols of different molecular weights in wastewater and seawater,(PEG) Poly(ethylene glycol),57759,1.11,2,0,0,0,0,2,2,0,4,0,1,0,0,0,0,69,-28.15,93,0.385,0.465662571,15.58441558,1 Indoor,2,22,7.4,7.691E-07,4.157,15.21,10.88,133,1
bernhard,2008,Aerobic biodegradation of polyethylene glycols of different molecular weights in wastewater and seawater,(PEG) Poly(ethylene glycol),26642,1.11,2,0,0,0,0,2,2,0,4,0,1,0,0,0,0,63,-32,91,0.385,0.465662571,15.58441558,1 Indoor,4,22,7.4,3.1389E-06,21.38,95.63,96.77,61,1
bernhard,2008,Aerobic biodegradation of polyethylene glycols of different molecular weights in wastewater and seawater,(PEG) Poly(ethylene glycol),26642,1.11,2,0,0,0,0,2,2,0,4,0,1,0,0,0,0,63,-32,91,0.385,0.465662571,15.58441558,1 Indoor,2,22,7.4,1.0094E-06,0,15.11,11.99,133,1
bernhard,2008,Aerobic biodegradation of polyethylene glycols of different molecular weights in wastewater and seawater,(PEG) Poly(ethylene glycol),14629,1.11,2,0,0,0,0,2,2,0,4,0,1,0,0,0,0,67,-36,90,0.385,0.465662571,15.58441558,1 Indoor,4,22,7.4,0.000003294,3.732,100,100,27,1
bernhard,2008,Aerobic biodegradation of polyethylene glycols of different molecular weights in wastewater and seawater,(PEG) Poly(ethylene glycol),14629,1.11,2,0,0,0,0,2,2,0,4,0,1,0,0,0,0,67,-36,90,0.385,0.465662571,15.58441558,1 Indoor,2,22,7.4,8.2766E-07,17.83,42.81,42.07,176,1
bernhard,2008,Aerobic biodegradation of polyethylene glycols of different molecular weights in wastewater and seawater,(PEG) Poly(ethylene glycol),10310,1.11,2,0,0,0,0,2,2,0,4,0,1,0,0,0,0,65,-41,89,0.385,0.465662571,15.58441558,1 Indoor,4,22,7.4,3.2894E-06,3.734,100,100,28,1
bernhard,2008,Aerobic biodegradation of polyethylene glycols of different molecular weights in wastewater and seawater,(PEG) Poly(ethylene glycol),10310,1.11,2,0,0,0,0,2,2,0,4,0,1,0,0,0,0,65,-41,89,0.385,0.465662571,15.58441558,1 Indoor,2,22,7.4,3.7581E-07,17.44,80.34,82.69,181,1
bernhard,2008,Aerobic biodegradation of polyethylene glycols of different molecular weights in wastewater and seawater,(PEG) Poly(ethylene glycol),7426,1.11,2,0,0,0,0,2,2,0,4,0,1,0,0,0,0,63,-41,89,0.385,0.465662571,15.58441558,1 Indoor,4,22,7.4,0.000004691,3.678,100,99.91,27,1
bernhard,2008,Aerobic biodegradation of polyethylene glycols of different molecular weights in wastewater and seawater,(PEG) Poly(ethylene glycol),7426,1.11,2,0,0,0,0,2,2,0,4,0,1,0,0,0,0,63,-41,89,0.385,0.465662571,15.58441558,1 Indoor,2,22,7.4,4.4826E-07,20.24,95.5,96.89,165,1
bernhard,2008,Aerobic biodegradation of polyethylene glycols of different molecular weights in wastewater and seawater,(PEG) Poly(ethylene glycol),4519,1.11,2,0,0,0,0,2,2,0,4,0,1,0,0,0,0,55,-41,89,0.385,0.465662571,15.58441558,1 Indoor,4,22,7.4,2.1979E-06,1.238,100,100,30,1
bernhard,2008,Aerobic biodegradation of polyethylene glycols of different molecular weights in wastewater and seawater,(PEG) Poly(ethylene glycol),4519,1.11,2,0,0,0,0,2,2,0,4,0,1,0,0,0,0,55,-41,89,0.385,0.465662571,15.58441558,1 Indoor,2,22,7.4,3.3796E-07,18.3,100,99.21,123,1
bernhard,2008,Aerobic biodegradation of polyethylene glycols of different molecular weights in wastewater and seawater,(PEG) Poly(ethylene glycol),4519,1.11,2,0,0,0,0,2,2,0,4,0,1,0,0,0,0,55,-41,89,0.385,0.465662571,15.58441558,1 Indoor,4,22,7.4,0.000002022,4.21,88.13,87,29,1
bernhard,2008,Aerobic biodegradation of polyethylene glycols of different molecular weights in wastewater and seawater,(PEG) Poly(ethylene glycol),4519,1.11,2,0,0,0,0,2,2,0,4,0,1,0,0,0,0,55,-41,89,0.385,0.465662571,15.58441558,1 Indoor,2,22,7.4,2.0463E-07,31.51,95.94,81.36,123,0
bernhard,2008,Aerobic biodegradation of polyethylene glycols of different molecular weights in wastewater and seawater,(PEG) Poly(ethylene glycol),2009,1.11,2,0,0,0,0,2,2,0,4,0,1,0,0,0,0,55,-41,87,0.385,0.465662571,15.58441558,1 Indoor,4,22,7.4,0.000006478,2.954,98.05,98.15,28,1
bernhard,2008,Aerobic biodegradation of polyethylene glycols of different molecular weights in wastewater and seawater,(PEG) Poly(ethylene glycol),2009,1.11,2,0,0,0,0,2,2,0,4,0,1,0,0,0,0,55,-41,87,0.385,0.465662571,15.58441558,1 Indoor,2,22,7.4,1.3287E-06,7.542,95.94,90.9,28,0
bernhard,2008,Aerobic biodegradation of polyethylene glycols of different molecular weights in wastewater and seawater,(PEG) Poly(ethylene glycol),974,1.11,2,0,0,0,0,2,2,0,4,0,1,0,0,0,0,35,-53.6,86,0.385,0.465662571,15.58441558,1 Indoor,4,22,7.4,0.000007265,1.403,91.35,95.87,36,1
bernhard,2008,Aerobic biodegradation of polyethylene glycols of different molecular weights in wastewater and seawater,(PEG) Poly(ethylene glycol),974,1.11,2,0,0,0,0,2,2,0,4,0,1,0,0,0,0,35,-53.6,86,0.385,0.465662571,15.58441558,1 Indoor,2,22,7.4,0.000023877,6.431,97.19,94.78,28,1
bernhard,2008,Aerobic biodegradation of polyethylene glycols of different molecular weights in wastewater and seawater,(PEG) Poly(ethylene glycol),251,1.11,2,0,0,0,0,2,2,0,4,0,1,0,0,0,0,6,-66.15,84,0.385,0.465662571,15.58441558,1 Indoor,4,22,7.4,2.3449E-06,1.194,96.9,98.22,36,1
bernhard,2008,Aerobic biodegradation of polyethylene glycols of different molecular weights in wastewater and seawater,(PEG) Poly(ethylene glycol),251,1.11,2,0,0,0,0,2,2,0,4,0,1,0,0,0,0,6,-66.15,84,0.385,0.465662571,15.58441558,1 Indoor,2,22,7.4,1.0222E-06,3.692,100,99.89,41,1
bhatt,2008,"Synthesis, characterization, and biodegradation of carboxymethylchitosan-g-medium chain length polyhydroxyalkanoates",(PHA) Polyhydroxyalkanoate,,1.22,4,0,0,0,0,3,3,0,6,0,2,1,16.67,0,0,50,-44,13.1,0.23,8509.8,8.757190635,1 Indoor,6,37,7,4.174E-08,N.A.,97.52,10,30,0
bhatt,2008,"Synthesis, characterization, and biodegradation of carboxymethylchitosan-g-medium chain length polyhydroxyalkanoates",(PHA) Polyhydroxyalkanoate,,1.22,4,0,0,0,0,3,3,0,6,0,2,1,16.67,0,0,50,-44,13.1,0.23,8509.8,8.757190635,1 Indoor,6,37,7,1.61582E-08,N.A.,97.52,4,30,0
bhatt,2008,"Synthesis, characterization, and biodegradation of carboxymethylchitosan-g-medium chain length polyhydroxyalkanoates",(PHA) Polyhydroxyalkanoate,,1.22,4,0,0,0,0,3,3,0,6,0,2,1,16.67,0,0,50,-44,13.1,0.23,8509.8,8.757190635,1 Indoor,6,37,7,6.91393E-08,N.A.,97.52,16,30,0
bhatt,2008,"Synthesis, characterization, and biodegradation of carboxymethylchitosan-g-medium chain length polyhydroxyalkanoates",(PHA) Polyhydroxyalkanoate,,1.22,4,0,0,0,0,3,3,0,6,0,2,1,16.67,0,0,50,-44,13.1,0.23,8509.8,8.757190635,1 Indoor,6,37,7,7.87226E-08,N.A.,97.52,18,30,0
bikiaris,2007,Miscibility and enzymatic degradation studies of poly(epsilon-caprolactone)/poly(propylene succinate) blends,(PCL) Polycaprolactone,143160,1.1438,6,0,0,0,0,5,5,0,10,0,2,1,12.5,0,0,67.2,-61.6,62.01,0.5,5100,4.08,1 Indoor,0,30,7.2,3.3218E-09,0,86.5,0.76,35,0
bikiaris,2007,Miscibility and enzymatic degradation studies of poly(epsilon-caprolactone)/poly(propylene succinate) blends,(PCL) Polycaprolactone,143160,1.1438,6,0,0,0,0,5,5,0,10,0,2,1,12.5,0,0,67.2,-61.6,62.01,0.5,5100,4.08,1 Indoor,7,30,7.2,1.5637E-06,0,6.331,6.36,35,1
Bonartsev,2007,Controlled release profiles of dipyridamole from biodegradable microspheres on the base of poly(3-hydroxybutyrate),(P3HB) Poly(3-hydroxybutyrate),485000,1.22,4,0,0,1,1,1,1,1,6,0,2,1,16.67,0,0,174,5,62,0.04,410.5,50.26666667,1 Indoor,0,37,7.4,0.000010241,0,1,1,30,0
borowicz,2019,Glycerolysis of Poly(lactic acid) as a Way to Extend the Life Cycle of This Material,(PLA) Polylactic acid,452,1.26,3,0,0,1,1,0,0,1,4,0,2,1,20,0,0,65,-12.3,0.1,5,78.53981634,1.2,1 Indoor,5,20,7.4,2.2315E-06,9.06,100,99.97,28,1
borowicz,2019,Glycerolysis of Poly(lactic acid) as a Way to Extend the Life Cycle of This Material,(PLA) Polylactic acid,438,1.28,3,0,0,1,1,0,0,1,4,0,2,1,20,0,0,65,-11.8,0.1,5,78.53981634,1.2,1 Indoor,5,20,7.4,0.000026505,12.57,100,94.16,28,1
borowicz,2019,Glycerolysis of Poly(lactic acid) as a Way to Extend the Life Cycle of This Material,(PLA) Polylactic acid,393,1.24,3,0,0,1,1,0,0,1,4,0,2,1,20,0,0,55,-26.8,0.1,5,78.53981634,1.2,1 Indoor,5,20,7.4,1.0957E-06,3.327,100,91.8,28,1
borowicz,2019,Glycerolysis of Poly(lactic acid) as a Way to Extend the Life Cycle of This Material,(PLA) Polylactic acid,381,1.27,3,0,0,1,1,0,0,1,4,0,2,1,20,0,0,60,-19.2,0.1,5,78.53981634,1.2,1 Indoor,5,20,7.4,1.4595E-06,4.035,100,99.88,28,1
borowicz,2019,Glycerolysis of Poly(lactic acid) as a Way to Extend the Life Cycle of This Material,(PLA) Polylactic acid,325,1.26,3,0,0,1,1,0,0,1,4,0,2,1,20,0,0,50,-29.2,0.1,5,78.53981634,1.2,1 Indoor,5,20,7.4,1.6551E-06,7.227,100,91.07,28,1
borowicz,2019,Glycerolysis of Poly(lactic acid) as a Way to Extend the Life Cycle of This Material,(PLA) Polylactic acid,319,1.26,3,0,0,1,1,0,0,1,4,0,2,1,20,0,0,55,-26.3,0.1,5,78.53981634,1.2,1 Indoor,5,20,7.4,3.3681E-06,4.35,100,99.81,28,1
bubpachat,2018,Isolation and role of polylactic acid-degrading bacteria on degrading enzymes productions and PLA biodegradability at mesophilic conditions,(PLA) Polylactic acid,157503,1.26,3,0,0,1,1,0,0,1,4,0,2,1,20,0,0,170,65,37.6,0.08,1208,25.16666667,1 Indoor,0,30,7,4.8206E-09,0,98.3,0.75,20,0
bubpachat,2018,Isolation and role of polylactic acid-degrading bacteria on degrading enzymes productions and PLA biodegradability at mesophilic conditions,(PLA) Polylactic acid,157503,1.26,3,0,0,1,1,0,0,1,4,0,2,1,20,0,0,170,65,37.6,0.08,1208,25.16666667,1 Indoor,7,30,7.5,1.0814E-07,8.489,98.3,11.44,20,0
bubpachat,2018,Isolation and role of polylactic acid-degrading bacteria on degrading enzymes productions and PLA biodegradability at mesophilic conditions,(PLA) Polylactic acid,157503,1.26,3,0,0,1,1,0,0,1,4,0,2,1,20,0,0,170,65,37.6,0.08,1208,25.16666667,1 Indoor,7,30,8,8.1412E-07,11.43,98.3,44.58,20,0
Cara,2003,Biodegradation of poly-e-caprolactone/poly-b-hydroxybutyrate blend,(P3HB) Poly(3-hydroxybutyrate),790000,1.25,4,0,0,1,1,1,1,1,6,0,2,1,16.67,0,0,173.1,4,61.78,2,3960,1.1,1 Indoor,0,30,7,4.8067E-09,0.1606,97.52,1.6,40,0
Cara,2003,Biodegradation of poly-e-caprolactone/poly-b-hydroxybutyrate blend,(P3HB) Poly(3-hydroxybutyrate),790000,1.25,4,0,0,1,1,1,1,1,6,0,2,1,16.67,0,0,173.1,4,61.78,2,3960,1.1,1 Indoor,3,30,7,9.1968E-08,10.6,97.52,20.3,40,0
Cetin,2019,Anaerobic Biodegradation of Poly-3Hydroxybutyrate (PHB) by Sulfate Reducing Bacterium Desulfotomaculum sp. ,(P3HB) Poly(3-hydroxybutyrate),1188000,1.25,4,0,0,1,1,1,1,1,6,0,2,1,16.67,0,0,175,6,61.78,0.01,400.6,200.3,1 Indoor,5,31,7,2.2697E-08,0,97.52,9.9,60,0
Cetin,2019,Anaerobic Biodegradation of Poly-3Hydroxybutyrate (PHB) by Sulfate Reducing Bacterium Desulfotomaculum sp. ,(P3HB) Poly(3-hydroxybutyrate),1188000,1.25,4,0,0,1,1,1,1,1,6,0,2,1,16.67,0,0,175,6,61.78,0.01,400.6,200.3,1 Indoor,5,31,7,0.000010523,0,17.73,17.27,60,1
Cetin,2019,Anaerobic Biodegradation of Poly-3Hydroxybutyrate (PHB) by Sulfate Reducing Bacterium Desulfotomaculum sp. ,(P3HB) Poly(3-hydroxybutyrate),1188000,1.25,4,0,0,1,1,1,1,1,6,0,2,1,16.67,0,0,175,6,61.78,0.01,400.6,200.3,1 Indoor,5,31,7,5.956E-09,5.385,97.52,2.8,60,0
chai,2009,Evaluation of the Biodegradability of Polyvinyl Alcohol/Starch Blends: A Methodological Comparison of Environmentally Friendly Materials,(PVA) Pol(yvinyl alcohol),48400,1.29,2,0,0,1,1,1,1,0,3,0,1,0,0,0,0,220,65,55,0.03,5006,66.74666667,1 Indoor,N.A.,58,8,1.6204E-07,0,18.5,17.2,180,1
chen,2020,Seawater Degradable Triboelectric Nanogenerators for Blue Energy,(PLA) Polylactic acid,960000,1.26,3,0,0,1,1,0,0,1,4,0,2,1,20,0,0,176,64,30.8,0.1,5020,20.08,1 Indoor,3,25,7.9,5.0567E-09,3.242,98.3,1.04,30,0
chen,2020,Seawater Degradable Triboelectric Nanogenerators for Blue Energy,(PLA) Polylactic acid,960000,1.26,3,0,0,1,1,0,0,1,4,0,2,1,20,0,0,176,64,30.8,2,316,1.58,2 Outdoor,3,25,7.9,1.8916E-09,76.44,98.3,2.49,270,0
choi,2011,"Increase of degradation and water uptake rate using electrospun star-shaped poly(D,L-lactide) nanofiber",(PLA) Polylactic acid,147000,1.26,3,0,0,1,1,0,0,1,4,0,2,1,20,0,0,152,65,1.7,0.5,220,4.4,1 Indoor,7,37,7,4.397E-07,0,98.3,10.45,3,0
Coonts,1998,Biodegradation and biocompatibility of a guided tissue regeneration barrier membrane formed from a liquid polymer material,(PLA) Polylactic acid,35000,1.32,3,0,0,1,1,0,0,1,4,0,2,1,20,0,0,165,60,30.8,0.675,227,3.36,3 UV,1,37,7,7.6427E-08,42.69,100,99.4,390,1
Coonts,1998,Biodegradation and biocompatibility of a guided tissue regeneration barrier membrane formed from a liquid polymer material,(PLA) Polylactic acid,35000,1.32,3,0,0,1,1,0,0,1,4,0,2,1,20,0,0,165,60,30.8,0.675,227,3.36,3 UV,1,37,7,9.429E-08,9.339,100,93,390,1
darwis,1999,Degradability of radiation crosslinked PCL in the supercooled state under various environments,(PCL) Polycaprolactone,322000,1.142,6,0,0,0,0,5,5,0,10,0,2,1,12.5,0,0,64,-60,52,0.25,0.196,24,1 Indoor,5,25,7.4,1.2917E-06,4.771,85,82,28,1
darwis,1999,Degradability of radiation crosslinked PCL in the supercooled state under various environments,(PCL) Polycaprolactone,322000,1.142,6,0,0,0,0,5,5,0,10,0,2,1,12.5,0,0,64,-60,52,0.25,0.196,24,3 UV,5,25,7.4,1.5266E-06,0.5432,90.33,87,28,1
darwis,1999,Degradability of radiation crosslinked PCL in the supercooled state under various environments,(PCL) Polycaprolactone,160000,1.144,6,0,0,0,0,5,5,0,10,0,2,1,12.5,0,0,63,-60,55,0.25,0.196,24,1 Indoor,5,25,7.4,1.2419E-06,4.933,80,78,28,1
darwis,1999,Degradability of radiation crosslinked PCL in the supercooled state under various environments,(PCL) Polycaprolactone,160000,1.144,6,0,0,0,0,5,5,0,10,0,2,1,12.5,0,0,63,-60,55,0.25,0.196,24,3 UV,5,25,7.4,1.0228E-06,1.623,89.77,81,28,1
Datta,2019,"Effect of media on degradability, physico-mechanical and optical properties of synthesized polyolefinic and PLA film in comparison with casted potato/corn starch biofilm",(PLA) Polylactic acid,220000,1.28,3,0,0,1,1,0,0,1,4,0,2,1,20,0,0,156.2,59.5,27.06,0.152,4833.44,13.25,1 Indoor,0,23,7,2.9919E-09,62.74,98.3,7.37,365,0
Datta,2019,"Effect of media on degradability, physico-mechanical and optical properties of synthesized polyolefinic and PLA film in comparison with casted potato/corn starch biofilm",(PLA) Polylactic acid,220000,1.28,3,0,0,1,1,0,0,1,4,0,2,1,20,0,0,156.2,59.5,27.06,0.152,4833.44,13.25,1 Indoor,0,23,1.2,5.6968E-09,6.178,98.3,4.2,90,0
Datta,2019,"Effect of media on degradability, physico-mechanical and optical properties of synthesized polyolefinic and PLA film in comparison with casted potato/corn starch biofilm",(PLA) Polylactic acid,220000,1.28,3,0,0,1,1,0,0,1,4,0,2,1,20,0,0,156.2,59.5,27.06,0.152,4833.44,13.25,1 Indoor,0,23,12.7,1.9086E-07,13.56,98.3,72.41,90,0
De Kesel,1997,Biodegradation of polycaprolactone and its blends with poly(vinylalcohu1) by microorganisms from a compost of house-hold refuse,(PCL) Polycaprolactone,23000,1.145,6,0,0,0,0,5,5,0,10,0,2,1,12.5,0,0,60,-60,61,0.06,419.5,33.6,1 Indoor,6,35,7,2.1215E-06,6.14,25.5,25,28.33333333,1
De Kesel,1997,Biodegradation of polycaprolactone and its blends with poly(vinylalcohu1) by microorganisms from a compost of house-hold refuse,(PCL) Polycaprolactone,23000,1.145,6,0,0,0,0,5,5,0,10,0,2,1,12.5,0,0,60,-60,61,0.06,419.5,33.6,1 Indoor,6,35,7,1.4363E-06,7.114,30,28,28.33333333,1
ding,2009,"Synthesis, Degradation, and Cytotoxicity of Multiblock Poly(epsilon-caprolactone urethane)s Containing Gemini Quaternary Ammonium Cationic Groups",(PCL) Polycaprolactone,2000,1.1438,6,0,0,0,0,5,5,0,10,0,2,1,12.5,0,0,38,-60,25,1,510,2.266666667,1 Indoor,0,52.5,7.4,0.0000825,0.0711,86.5,42.8,4,0
ding,2009,"Synthesis, Degradation, and Cytotoxicity of Multiblock Poly(epsilon-caprolactone urethane)s Containing Gemini Quaternary Ammonium Cationic Groups",(PCL) Polycaprolactone,2000,1.1438,6,0,0,0,0,5,5,0,10,0,2,1,12.5,0,0,38,-60,25,1,510,2.266666667,1 Indoor,7,52.5,7.4,7.5972E-06,0.0863,86.5,99.42,4,0
doi,1996,Evaluation of biodegradabilities of biosynthetic and chemosynthetic polyesters in river water, (PES)Poly(ethylene succinate),87000,1.36,6,0,0,0,0,4,4,0,8,0,4,2,20,0,0,106,-7,61,0.1,204,20.4,1 Indoor,2,25,7.7,3.4398E-06,4.858,91.52,87.61,21,1
doi,1996,Evaluation of biodegradabilities of biosynthetic and chemosynthetic polyesters in river water,(PCL) Polycaprolactone,113900,1.1438,6,0,0,0,0,5,5,0,10,0,2,1,12.5,0,0,62,-70,55,0.1,204,20.4,1 Indoor,2,25,7.7,1.79015E-06,0,75,75,28,1
doi,1996,Evaluation of biodegradabilities of biosynthetic and chemosynthetic polyesters in river water,(PEA) Poly(ethylene adipate),144000,1.22,8,0,0,0,0,6,6,0,12,0,4,2,16.67,0,0,49,-46,74,0.1,204,20.4,1 Indoor,2,25,7.7,8.3958E-07,9.366,86.95,66.55,28,0
Doi,1992,Biodegradation of microbial polyesters in the marine environment ,(P3HB) Poly(3-hydroxybutyrate),1459200,1.25,4,0,0,1,1,1,1,1,6,0,2,1,16.67,0,0,175,6,71,0.075,10022.5,26.73,2 Outdoor,2,22,7.9,9.87704E-08,0,97.52,16,21,0
doi,1996,Evaluation of biodegradabilities of biosynthetic and chemosynthetic polyesters in river water,(P3HB) Poly(3-hydroxybutyrate),735000,1.22,4,0,0,1,1,1,1,1,6,0,2,1,16.67,0,0,178,4,60,0.1,204,20.4,1 Indoor,2,25,7.7,1.5579E-06,6.99,91.2,83.03,28,1
doi,1996,Evaluation of biodegradabilities of biosynthetic and chemosynthetic polyesters in river water,(P4HB) Poly(4-hydroxybutyrate),779700,1.22,4,0,0,0,0,3,3,0,6,0,2,1,16.67,0,0,53,-48,34,0.1,204,20.4,1 Indoor,2,25,7.7,2.4201E-06,4.393,82.61,81.82,28,1
dorati,2007,"Investigation of the degradation behaviour of poly(ethylene glycol-co-D,L-lactide) copolymer","(PDLLA) Poly-D,L-lactic acid",75100,1.25,3,0,0,1,1,0,0,1,4,0,2,1,20,0,0,N.A.,51.1,1,0.385,1144,1.181818182,1 Indoor,0,37,7.4,0.000001089,0,63.95,65.72,56,1
dorati,2007,"Investigation of the degradation behaviour of poly(ethylene glycol-co-D,L-lactide) copolymer","(PDLLA) Poly-D,L-lactic acid",62500,1.25,3,0,0,1,1,0,0,1,4,0,2,1,20,0,0,N.A.,44.8,1,2,1144,1.181818182,1 Indoor,0,37,7.4,4.662E-08,0,75.09,10.24,49,0
Drimal,2006,"Assessing Aerobic Biodegradability of Plastics in Aqueous
Environment by GC-Analyzing Composition of Equilibrium
Gaseous Phase",(P3HB) Poly(3-hydroxybutyrate),327000,1.22,4,0,0,1,1,1,1,1,6,0,2,1,16.67,0,0,173,4,59,0.385,0.465662571,15.58441558,1 Indoor,4,25,7.1,1.7303E-06,3.3,70.61,69.4,29.16666667,1
Fernández,2017,Vermiculite/poly(lactic acid) composites: Effect of nature of vermiculite on hydrolytic degradation in alkaline medium,(PLLA) Poly-L-lactic acid,124000,1.28,3,0,0,1,1,0,0,1,4,0,2,1,20,0,0,173,66,1,0.8,232,2.9,1 Indoor,0,37,12.8,1.8623E-07,0,100,54.14,49,0
Fernández,2017,Vermiculite/poly(lactic acid) composites: Effect of nature of vermiculite on hydrolytic degradation in alkaline medium,(PLLA) Poly-L-lactic acid,117000,1.28,3,0,0,1,1,0,0,1,4,0,2,1,20,0,0,173,66,2.5,0.8,232,2.9,1 Indoor,0,37,12.8,1.7662E-07,0,100,46.95,49,0
ferreira,2017,"Effect of in vitro enzymatic degradation on 3D printed poly(epsilon-caprolactone) scaffolds: morphological, chemical and mechanical properties",(PCL) Polycaprolactone,59885,1.1438,6,0,0,0,0,5,5,0,10,0,2,1,12.5,0,0,62.8,-60,24.3,4,160,1.25,3 UV,7,37,7.4,6.1875E-07,3.325,86.5,65.02,25,0
ferreira,2017,"Effect of in vitro enzymatic degradation on 3D printed poly(epsilon-caprolactone) scaffolds: morphological, chemical and mechanical properties",(PCL) Polycaprolactone,58938,1.1438,6,0,0,0,0,5,5,0,10,0,2,1,12.5,0,0,62.8,-60,23.4,4,160,1.25,3 UV,7,37,7.4,7.1481E-07,3.652,86.5,72.42,25,0
ferreira,2017,"Effect of in vitro enzymatic degradation on 3D printed poly(epsilon-caprolactone) scaffolds: morphological, chemical and mechanical properties",(PCL) Polycaprolactone,58788,1.1438,6,0,0,0,0,5,5,0,10,0,2,1,12.5,0,0,62.8,-60,24,4,160,1.25,3 UV,7,37,7.4,6.8171E-07,3.478,86.5,70.28,25,0
Gross,1996,"Cyanophenoxy-Containing M icrobial Polyesters : Structural Analysis, Thermal Properties, Second Harmonic Generation and In-Vivo Biodegradability",(PHA) Polyhydroxyalkanoate,225000,1.22,4,0,0,0,0,3,3,0,6,0,2,1,16.67,0,0,55.5,-35.4,13.1,0.12,410.5,16.93333333,1 Indoor,6,30,7.2,0.000020464,0,53,53,3,1
Gross,1996,"Cyanophenoxy-Containing M icrobial Polyesters : Structural Analysis, Thermal Properties, Second Harmonic Generation and In-Vivo Biodegradability",(PHA) Polyhydroxyalkanoate,142500,1.22,4,0,0,0,0,3,3,0,6,0,2,1,16.67,0,0,53.5,-37.5,10.3,0.12,410.5,16.93333333,1 Indoor,6,30,7.2,6.4278E-06,0.5183,35,20,3,1
guerrouani,2007,Allylamine plasma-polymerization on PLLA surface evaluation of the biodegradation,(PLLA) Poly-L-lactic acid,336800,1.28,3,0,0,1,1,0,0,1,4,0,2,1,20,0,0,175,62,38.23,0.075,1809,26.8,1 Indoor,5,27.5,7.75,8.9468E-09,0,100,4.44,70,0
guerrouani,2007,Allylamine plasma-polymerization on PLLA surface evaluation of the biodegradation,(PLLA) Poly-L-lactic acid,336800,1.28,3,0,0,1,1,0,0,1,4,0,2,1,20,0,0,175,62,38.23,0.075,1809,26.8,3 UV,5,27.5,7.75,1.2187E-08,0.7979,100,5.84,70,0
Gutierrez-wing,2010,"Anaerobic Biodegradation of Polyhydroxybutyrate
in Municipal Sewage Sludge",(P3HB) Poly(3-hydroxybutyrate),190000,1.22,4,0,0,1,1,1,1,1,6,0,2,1,16.67,0,0,168.4,2,67.67,3.5,17593,0.62,0 Dark,5,35,7.25,2.9845E-07,14.931,100,99.7,133,1
Gutierrez-wing,2010,"Anaerobic Biodegradation of Polyhydroxybutyrate
in Municipal Sewage Sludge",(P3HB) Poly(3-hydroxybutyrate),180000,1.22,4,0,0,1,1,1,1,1,6,0,2,1,16.67,0,0,167.6,2,61.32,0.24,1324.98,8.49,0 Dark,5,35,7.25,6.0797E-07,3.857,100,94.1,56,1
Gutierrez-wing,2010,"Anaerobic Biodegradation of Polyhydroxybutyrate
in Municipal Sewage Sludge",(P3HB) Poly(3-hydroxybutyrate),150000,1.22,4,0,0,1,1,1,1,1,6,0,2,1,16.67,0,0,165.6,2,62.69,1.2,588.8,1.92,0 Dark,5,35,7.25,2.3313E-07,12.635,100,73.2,112,1
Gutierrez-wing,2010,"Anaerobic Biodegradation of Polyhydroxybutyrate
in Municipal Sewage Sludge",(P3HB) Poly(3-hydroxybutyrate),150000,1.22,4,0,0,1,1,1,1,1,6,0,2,1,16.67,0,0,165.6,2,62.69,1.2,2288,1.82,0 Dark,5,35,7.25,5.6316E-07,11.928,100,97.2,56,1
Gutierrez-wing,2010,"Anaerobic Biodegradation of Polyhydroxybutyrate
in Municipal Sewage Sludge",(P3HB) Poly(3-hydroxybutyrate),150000,1.22,4,0,0,1,1,1,1,1,6,0,2,1,16.67,0,0,165.6,2,62.69,1.2,1124.4,1.89,0 Dark,5,35,7.25,2.66577E-07,0,85.54,73,85,0
Gutierrez-wing,2010,"Anaerobic Biodegradation of Polyhydroxybutyrate
in Municipal Sewage Sludge",(P3HB) Poly(3-hydroxybutyrate),150000,1.22,4,0,0,1,1,1,1,1,6,0,2,1,16.67,0,0,165.6,2,62.69,1.2,1124.4,1.89,0 Dark,5,35,7.25,2.77395E-07,0,85.54,67.1,65,0
Gutierrez-wing,2010,"Anaerobic Biodegradation of Polyhydroxybutyrate
in Municipal Sewage Sludge",(P3HB) Poly(3-hydroxybutyrate),150000,1.22,4,0,0,1,1,1,1,1,6,0,2,1,16.67,0,0,165.6,2,62.69,1.2,1124.4,1.89,0 Dark,5,35,7.25,5.56499E-07,4,85.54,82.8,80,0
Gutierrez-wing,2010,"Anaerobic Biodegradation of Polyhydroxybutyrate
in Municipal Sewage Sludge",(P3HB) Poly(3-hydroxybutyrate),140000,1.22,4,0,0,1,1,1,1,1,6,0,2,1,16.67,0,0,165,2,72.37,0.385,0.465662571,15.58441558,0 Dark,5,35,7.25,1.76178E-06,4,85.54,63.4,13,0
Gutierrez-wing,2010,"Anaerobic Biodegradation of Polyhydroxybutyrate
in Municipal Sewage Sludge",(P3HB) Poly(3-hydroxybutyrate),140000,1.22,4,0,0,1,1,1,1,1,6,0,2,1,16.67,0,0,165,2,72.37,0.385,0.465662571,15.58441558,0 Dark,5,35,7.25,1.86278E-06,2,85.54,68,12,0
Gutierrez-wing,2010,"Anaerobic Biodegradation of Polyhydroxybutyrate
in Municipal Sewage Sludge",(P3HB) Poly(3-hydroxybutyrate),120000,1.22,4,0,0,1,1,1,1,1,6,0,2,1,16.67,0,0,164.3,2,71.69,0.5,1300,4.16,0 Dark,5,35,7.25,5.3753E-07,9.912,100,99.5,84,1
Gutierrez-wing,2010,"Anaerobic Biodegradation of Polyhydroxybutyrate
in Municipal Sewage Sludge",(P3HB) Poly(3-hydroxybutyrate),110000,1.22,4,0,0,1,1,1,1,1,6,0,2,1,16.67,0,0,163.5,2,71.01,5,750,0.67,0 Dark,5,35,7.25,7.3148E-08,14,97.52,68.9,224,0
guzman-sielicka,2011,Degradation of Polycaprolactone Modified with TPS or CaCO3 in Biotic/Abiotic Seawater,(PCL) Polycaprolactone,80000,1.1438,6,0,0,0,0,5,5,0,10,0,2,1,12.5,0,0,59,-59,60,0.03,6010.2,66.78,2 Outdoor,0,21,7.64,1.5822E-07,0,6.99,6.52,196,1
guzman-sielicka,2011,Degradation of Polycaprolactone Modified with TPS or CaCO3 in Biotic/Abiotic Seawater,(PCL) Polycaprolactone,80000,1.1438,6,0,0,0,0,5,5,0,10,0,2,1,12.5,0,0,59,-59,60,0.03,6010.2,66.78,2 Outdoor,3,21,7.98,1.3629E-07,10.514,9.58,8.52,196,1
hayashi,2002,Studies on biodegradable poly(hexano-6-lactone) fibers. Part 3:  ENZYMATIC DEGRADATION IN VITRO,(PCL) Polycaprolactone,160000,1.1438,6,0,0,0,0,5,5,0,10,0,2,1,12.5,0,0,60,-60,63.3,0.28,176.05,14.3,1 Indoor,6,25,7,3.9917E-06,0,86.5,48.56,2.5,0
hayashi,2002,Studies on biodegradable poly(hexano-6-lactone) fibers. Part 3:  ENZYMATIC DEGRADATION IN VITRO,(PCL) Polycaprolactone,160000,1.1438,6,0,0,0,0,5,5,0,10,0,2,1,12.5,0,0,60,-60,63.3,0.28,176.05,14.3,1 Indoor,7,25,7,9.4444E-06,0.1215,86.5,79.23,2.5,0
hayashi,2002,Studies on biodegradable poly(hexano-6-lactone) fibers. Part 3:  ENZYMATIC DEGRADATION IN VITRO,(PCL) Polycaprolactone,160000,1.1438,6,0,0,0,0,5,5,0,10,0,2,1,12.5,0,0,60,-60,63.3,0.28,176.05,14.3,1 Indoor,7,25,7,0.000012019,0.1028,100,91.85,2.083333333,0
hayashi,2002,Studies on biodegradable poly(hexano-6-lactone) fibers. Part 3:  ENZYMATIC DEGRADATION IN VITRO,(PCL) Polycaprolactone,160000,1.1438,6,0,0,0,0,5,5,0,10,0,2,1,12.5,0,0,60,-60,63.3,0.28,176.05,14.3,1 Indoor,7,25,7,0.000017458,0.0974,100,95.05,1.666666667,0
hayashi,2002,Studies on biodegradable poly(hexano-6-lactone) fibers. Part 3:  ENZYMATIC DEGRADATION IN VITRO,(PCL) Polycaprolactone,160000,1.1403,6,0,0,0,0,5,5,0,10,0,2,1,12.5,0,0,59,-60,40,0.28,176.05,14.3,1 Indoor,6,25,7,0.000009825,0.0132,86.5,55.22,1.25,0
hayashi,2002,Studies on biodegradable poly(hexano-6-lactone) fibers. Part 3:  ENZYMATIC DEGRADATION IN VITRO,(PCL) Polycaprolactone,160000,1.1403,6,0,0,0,0,5,5,0,10,0,2,1,12.5,0,0,59,-60,40,0.28,176.05,14.3,1 Indoor,7,25,7,0.000019142,0.0276,100,91.93,1.25,0
hayashi,2002,Studies on biodegradable poly(hexano-6-lactone) fibers. Part 3:  ENZYMATIC DEGRADATION IN VITRO,(PCL) Polycaprolactone,160000,1.1403,6,0,0,0,0,5,5,0,10,0,2,1,12.5,0,0,59,-60,40,0.28,176.05,14.3,1 Indoor,7,25,7,0.000030528,0.025,100,96.63,0.958333333,0
hayashi,2002,Studies on biodegradable poly(hexano-6-lactone) fibers. Part 3:  ENZYMATIC DEGRADATION IN VITRO,(PCL) Polycaprolactone,160000,1.1403,6,0,0,0,0,5,5,0,10,0,2,1,12.5,0,0,59,-60,40,0.28,176.05,14.3,1 Indoor,7,25,7,0.00004225,0.0148,100,97.52,0.708333333,0
he,1998,"Thermal, crystallization, and biodegradation behavior of poly(3-hydroxybutyrate) blends with poly (butylene succinate-co-butylene adipate) and poly(butylene succinate-co-epsilon-caprolactone)",(P3HB) Poly(3-hydroxybutyrate),473000,0.818,4,0,0,1,1,1,1,1,6,0,2,1,16.67,0,0,174.7,6.3,59,0.1,204,20.4,1 Indoor,7,37,7.5,3.1889E-06,0.0659,97.52,29.71,1.333333333,0
Heimowska,2017,Biodegradation of poly(epsilon-caprolactone) in natural water environments,(PCL) Polycaprolactone,80000,1.1438,6,0,0,0,0,5,5,0,10,0,2,1,12.5,0,0,59,-60,51.8,0.06,6020.4,33.45,2 Outdoor,1,11.4,8.4,5.0066E-08,165.27,86.5,39,294,0
Heimowska,2017,Biodegradation of poly(epsilon-caprolactone) in natural water environments,(PCL) Polycaprolactone,80000,1.1438,6,0,0,0,0,5,5,0,10,0,2,1,12.5,0,0,59,-60,51.8,0.06,6020.4,33.45,2 Outdoor,3,18.95,8.55,2.3595E-07,13.041,86.5,33.8,35,0
hermanova,2012,Biodegradation study on poly(epsilon-caprolactone) with bimodal molecular weight distribution,(PCL) Polycaprolactone,165000,1.1438,6,0,0,0,0,5,5,0,10,0,2,1,12.5,0,0,63.5,-60,63.6,0.1,160.22,20.4,3 UV,7,37,7,1.1287E-08,0,86.5,2.8,42,0
hermanova,2012,Biodegradation study on poly(epsilon-caprolactone) with bimodal molecular weight distribution,(PCL) Polycaprolactone,132000,1.1438,6,0,0,0,0,5,5,0,10,0,2,1,12.5,0,0,63.5,-60,64.1,0.1,160.22,20.4,3 UV,6,37,7,4.8426E-08,12.52,86.5,10,42,0
Ho,2002,Biodegradation of a Medium-Chain-Length Polyhydroxyalkanoate in Tropical River Water,(PHA) Polyhydroxyalkanoate,,1.22,4,0,0,0,0,3,3,0,6,0,2,1,16.67,0,0,50,-44,13.1,0.12,457.2,16.93333333,1 Indoor,0,28,7,4.7565E-08,0,97.52,10.6,28,0
Ho,2002,Biodegradation of a Medium-Chain-Length Polyhydroxyalkanoate in Tropical River Water,(PHA) Polyhydroxyalkanoate,,1.22,4,0,0,0,0,3,3,0,6,0,2,1,16.67,0,0,50,-44,13.1,0.12,457.2,16.93333333,1 Indoor,3,28,7.48,8.14863E-07,0,97.52,33.6,6,0
Ho,2002,Biodegradation of a Medium-Chain-Length Polyhydroxyalkanoate in Tropical River Water,(PHA) Polyhydroxyalkanoate,,1.22,4,0,0,0,0,3,3,0,6,0,2,1,16.67,0,0,50,-44,13.1,0.12,457.2,16.93333333,1 Indoor,3,28,7.48,1.39583E-07,0,97.52,20.9,20,0
Ho,2002,Biodegradation of a Medium-Chain-Length Polyhydroxyalkanoate in Tropical River Water,(PHA) Polyhydroxyalkanoate,,1.22,4,0,0,0,0,3,3,0,6,0,2,1,16.67,0,0,50,-44,13.1,0.12,457.2,16.93333333,1 Indoor,3,28,7.48,2.21352E-07,0,97.52,53,41,0
Ho,2002,Biodegradation of a Medium-Chain-Length Polyhydroxyalkanoate in Tropical River Water,(PHA) Polyhydroxyalkanoate,,1.22,4,0,0,0,0,3,3,0,6,0,2,1,16.67,0,0,50,-44,13.1,0.12,457.2,16.93333333,1 Indoor,3,28,7.48,6.69582E-08,0,97.52,28.6,60,0
Ho,2002,Biodegradation of a Medium-Chain-Length Polyhydroxyalkanoate in Tropical River Water,(PHA) Polyhydroxyalkanoate,,1.22,4,0,0,0,0,3,3,0,6,0,2,1,16.67,0,0,50,-44,13.1,0.12,457.2,16.93333333,1 Indoor,3,28,7.48,1.76779E-07,0,97.52,71.3,86,0
Ho,2002,Biodegradation of a Medium-Chain-Length Polyhydroxyalkanoate in Tropical River Water,(P3HB) Poly(3-hydroxybutyrate),540000,1.22,4,0,0,1,1,1,1,1,6,0,2,1,16.67,0,0,168.3,2,63.44,0.12,457.2,16.93333333,1 Indoor,3,28,7.48,9.29661E-07,0,100,99.9,86,0
honda,2002,Microbial denitrification of wastewater using biodegradable polycaprolactone,(PCL) Polycaprolactone,80500,1.0336,6,0,0,0,0,5,5,0,10,0,2,1,12.5,0,0,60,-60,55,0.5,5000,4,1 Indoor,3,25,7.5,1.1655E-07,4.515,86.5,45.1,70,0
huang,2019,Seawater degradable PVA/PCL blends with water-soluble polyvinyl alcohol as degradation accelerator,(PVA) Pol(yvinyl alcohol),74800,1.29,2,0,0,1,1,1,1,0,3,0,1,0,0,0,0,184.09,48,13,2,316,1.58,1 Indoor,0,25,7,5.6875E-06,0,60.21,62.18,20,1
huang,2020,Seawater degradation of PLA accelerated by water-soluble PVA,(PVA) Pol(yvinyl alcohol),74800,1.29,2,0,0,1,1,1,1,0,3,0,1,0,0,0,0,163,40,13,2,316,1.58,2 Outdoor,3,8.4,8.19,0.000002838,0,38.46,34.13,120,1
huang,2019,Seawater degradable PVA/PCL blends with water-soluble polyvinyl alcohol as degradation accelerator,(PVA) Pol(yvinyl alcohol),74800,1.29,2,0,0,1,1,1,1,0,3,0,1,0,0,0,0,162.61,40,13,2,316,1.58,1 Indoor,0,25,7,7.4884E-06,0,100,100,8,1
huang,2002,Biodegradation of polyvinyl alcohol by Phanerochaete chrysosporium after pretreatment with Fenton's reagent,(PVA) Pol(yvinyl alcohol),48400,1.29,2,0,0,1,1,1,1,0,3,0,1,0,0,0,0,220,65,55,0.385,0.465662571,15.58441558,3 UV,6,37,6,2.2257E-06,0,90.05,60.24,7,0
huang,2002,Biodegradation of polyvinyl alcohol by Phanerochaete chrysosporium after pretreatment with Fenton's reagent,(PVA) Pol(yvinyl alcohol),48400,1.29,2,0,0,1,1,1,1,0,3,0,1,0,0,0,0,220,65,55,0.385,0.465662571,15.58441558,3 UV,6,37,6,1.6215E-06,0,88.53,53.25,7,0
huang,2002,Biodegradation of polyvinyl alcohol by Phanerochaete chrysosporium after pretreatment with Fenton's reagent,(PVA) Pol(yvinyl alcohol),48400,1.29,2,0,0,1,1,1,1,0,3,0,1,0,0,0,0,220,65,55,0.385,0.465662571,15.58441558,3 UV,6,37,6,2.3391E-06,0,88.53,67.33,7,0
huang,2002,Biodegradation of polyvinyl alcohol by Phanerochaete chrysosporium after pretreatment with Fenton's reagent,(PVA) Pol(yvinyl alcohol),48400,1.29,2,0,0,1,1,1,1,0,3,0,1,0,0,0,0,220,65,55,0.385,0.465662571,15.58441558,3 UV,6,37,6,2.1111E-06,0,90.05,57.97,7,0
huang,2002,Biodegradation of polyvinyl alcohol by Phanerochaete chrysosporium after pretreatment with Fenton's reagent,(PVA) Pol(yvinyl alcohol),48400,1.29,2,0,0,1,1,1,1,0,3,0,1,0,0,0,0,220,65,55,0.385,0.465662571,15.58441558,3 UV,6,37,6,1.5359E-06,0.1615,88.53,51.66,7,0
huang,2002,Biodegradation of polyvinyl alcohol by Phanerochaete chrysosporium after pretreatment with Fenton's reagent,(PVA) Pol(yvinyl alcohol),48400,1.29,2,0,0,1,1,1,1,0,3,0,1,0,0,0,0,220,65,55,0.385,0.465662571,15.58441558,3 UV,6,37,6,2.2014E-06,0.7998,88.53,71.21,7,0
huang,2019,Seawater degradable PVA/PCL blends with water-soluble polyvinyl alcohol as degradation accelerator,(PVA) Pol(yvinyl alcohol),22000,1.29,2,0,0,1,1,1,1,0,3,0,1,0,0,0,0,218.66,65,55,2,316,1.58,1 Indoor,0,25,7,0.000011197,0,23.45,24.72,20,1
huang,2019,Seawater degradable PVA/PCL blends with water-soluble polyvinyl alcohol as degradation accelerator,(PVA) Pol(yvinyl alcohol),22000,1.29,2,0,0,1,1,1,1,0,3,0,1,0,0,0,0,193.7,59.4,47.34,2,316,1.58,1 Indoor,0,25,7,9.1343E-06,0,100,99.82,6,1
huang,2019,Seawater degradable PVA/PCL blends with water-soluble polyvinyl alcohol as degradation accelerator,(PCL) Polycaprolactone,110104,1.1438,6,0,0,0,0,5,5,0,10,0,2,1,12.5,0,0,60,-60,55,2,316,1.58,2 Outdoor,3,15.25,8.12,1.058E-08,9.291,86.5,6.39,90,0
huang,2019,Seawater degradable PVA/PCL blends with water-soluble polyvinyl alcohol as degradation accelerator,(PVA) Pol(yvinyl alcohol),22000,1.29,2,0,0,1,1,1,1,0,3,0,1,0,0,0,0,177.08,53.8,39.68,2,316,1.58,1 Indoor,0,25,7,0.000051748,1.408,100,100,4,1
huang,2020,Seawater degradation of PLA accelerated by water-soluble PVA,(PLA) Polylactic acid,147000,1.26,3,0,0,1,1,0,0,1,4,0,2,1,20,0,0,152,65,1.7,2,316,1.58,2 Outdoor,3,8.4,8.19,1.6285E-10,0,98.3,0.07,120,0
Huang,2020,Enzymatic Self-Biodegradation of Poly(L-lactic acid) Films by Embedded Heat-Treated and Immobilized Proteinase K,(PLLA) Poly-L-lactic acid,227000,1.28,3,0,0,1,1,0,0,1,4,0,2,1,20,0,0,170,60,2,0.2,3232,10.1,1 Indoor,0,37,8.5,2.1701E-09,0,100,0.33,21,0
Huang,2020,Enzymatic Self-Biodegradation of Poly(L-lactic acid) Films by Embedded Heat-Treated and Immobilized Proteinase K,(PLLA) Poly-L-lactic acid,227000,1.28,3,0,0,1,1,0,0,1,4,0,2,1,20,0,0,170,60,2,0.1,204,20.4,1 Indoor,0,37,8.5,1.8264E-07,0,100,5.18,4,0
Huang,2020,Enzymatic Self-Biodegradation of Poly(L-lactic acid) Films by Embedded Heat-Treated and Immobilized Proteinase K,(PLLA) Poly-L-lactic acid,227000,1.28,3,0,0,1,1,0,0,1,4,0,2,1,20,0,0,170,60,2,0.2,3232,10.1,1 Indoor,7,37,8.5,0.000016551,0,5.3,5.2,21,1
Huang,2020,Enzymatic Self-Biodegradation of Poly(L-lactic acid) Films by Embedded Heat-Treated and Immobilized Proteinase K,(PLLA) Poly-L-lactic acid,227000,1.28,3,0,0,1,1,0,0,1,4,0,2,1,20,0,0,170,60,2,0.1,204,20.4,1 Indoor,7,37,8.5,0.000038356,0,55,54.39,4,1
jadwiga,2014,A study on obtaining nonwovens using polyhydroxyalkanoates and the melt-blown technique,(P3HB) Poly(3-hydroxybutyrate),540000,1.22,4,0,0,1,1,1,1,1,6,0,2,1,16.67,0,0,168.3,2,63.44,2,1144,1.181818182,1 Indoor,0,25,7,2.2755E-07,0,24.87,23.12,106,1
jadwiga,2014,A study on obtaining nonwovens using polyhydroxyalkanoates and the melt-blown technique,(P3HB) Poly(3-hydroxybutyrate),540000,1.22,4,0,0,1,1,1,1,1,6,0,2,1,16.67,0,0,168.3,2,63.44,2,1144,1.181818182,1 Indoor,0,25,10,1.0054E-06,0,28.23,30.36,84,1
jadwiga,2014,A study on obtaining nonwovens using polyhydroxyalkanoates and the melt-blown technique,(P3HB) Poly(3-hydroxybutyrate),540000,1.22,4,0,0,1,1,1,1,1,6,0,2,1,16.67,0,0,168.3,2,63.44,2,1144,1.181818182,1 Indoor,4,22,8,8.5908E-08,0,97.52,18.3,28,0
jadwiga,2014,A study on obtaining nonwovens using polyhydroxyalkanoates and the melt-blown technique,(P3HB) Poly(3-hydroxybutyrate),540000,1.22,4,0,0,1,1,1,1,1,6,0,2,1,16.67,0,0,168.3,2,63.44,2,1144,1.181818182,1 Indoor,4,37,7,1.68197E-07,0,97.52,32.6,28,0
jandas,2011,"Effect of Surface Treatments of Banana Fiber on Mechanical, Thermal, and Biodegradability Properties of PLA/Banana Fiber Biocomposites",(PLA) Polylactic acid,140000,1.26,3,0,0,1,1,0,0,1,4,0,2,1,20,0,0,146.19,59.5,54.08,0.3,824,6.866666667,1 Indoor,6,25,6.8,6.6493E-07,8.581,98.3,60.02,25,0
jarerat,2001,Degradation of poly(L-lactide) by a fungus,(PLA) Polylactic acid,560000,1.26,3,0,0,1,1,0,0,1,4,0,2,1,20,0,0,176,64,30.8,0.046,4058.28,43.56714976,1 Indoor,6,30,6,5.80739E-09,0,98.3,0.7,14,0
jarerat,2001,Degradation of poly(L-lactide) by a fungus,(PLA) Polylactic acid,560000,1.26,3,0,0,1,1,0,0,1,4,0,2,1,20,0,0,176,64,30.8,0.046,4058.28,43.56714976,1 Indoor,7,30,8.2,2.48389E-09,0,98.3,0.3,14,0
kanmani,2016,Enzymatic degradation of polyhydroxyalkanoate using lipase from Bacillus subtilis,(PHA) Polyhydroxyalkanoate,,1.22,4,0,0,0,0,3,3,0,6,0,2,1,16.67,0,0,126.22,-16.7,1.47,0.385,0.465662571,15.58441558,1 Indoor,7,40,8,1.3241E-06,0.03128,97.52,28.3,3,0
Kasuya,1997,Biodegradabilities of various aliphatic polyesters in natural waters, (PES)Poly(ethylene succinate),87000,1.36,6,0,0,0,0,4,4,0,8,0,4,2,20,0,0,106,-7,61,0.1,19.2,21.33333333,1 Indoor,2,25,7.4,4.6991E-06,2.812,85.06,87.54,28,1
Kasuya,1997,Biodegradabilities of various aliphatic polyesters in natural waters, (PES)Poly(ethylene succinate),87000,1.36,6,0,0,0,0,4,4,0,8,0,4,2,20,0,0,106,-7,61,0.1,19.2,21.33333333,1 Indoor,1,25,7.4,5.5289E-06,3.178,80.38,78.07,28,1
Kasuya,1997,Biodegradabilities of various aliphatic polyesters in natural waters,(PCL) Polycaprolactone,187000,1.1438,6,0,0,0,0,5,5,0,10,0,2,1,12.5,0,0,62,-62,63,0.1,19.2,21.33333333,1 Indoor,2,25,7.4,3.4039E-06,7.478,85.62,82.08,28,1
Kasuya,1997,Biodegradabilities of various aliphatic polyesters in natural waters,(PCL) Polycaprolactone,187000,1.1438,6,0,0,0,0,5,5,0,10,0,2,1,12.5,0,0,62,-62,63,0.1,19.2,21.33333333,1 Indoor,1,25,7.4,1.9225E-06,5.191,80.05,76.22,28,1
Kasuya,1997,Biodegradabilities of various aliphatic polyesters in natural waters,(PCL) Polycaprolactone,187000,1.1438,6,0,0,0,0,5,5,0,10,0,2,1,12.5,0,0,62,-62,63,0.1,19.2,21.33333333,1 Indoor,3,25,7.9,0.000013449,1.714,80.37,79.94,28,1
Kasuya,1997,Biodegradabilities of various aliphatic polyesters in natural waters,(PCL) Polycaprolactone,187000,1.1438,6,0,0,0,0,5,5,0,10,0,2,1,12.5,0,0,62,-62,63,0.1,19.2,21.33333333,1 Indoor,2,25,7.9,1.0688E-06,0,60,55.17,28,1
Kessler,2014,Biodegradation improvement of poly(3-hydroxy-butyrate) films by entomopathogenic fungi and UV-assisted surface functionalization,(P3HB) Poly(3-hydroxybutyrate),140000,1.22,4,0,0,1,1,1,1,1,6,0,2,1,16.67,0,0,165,2,72.37,0.001,353.48,2000.3,1 Indoor,6,28,7,1.603E-09,0,97.52,0.1,20,0
Kessler,2014,Biodegradation improvement of poly(3-hydroxy-butyrate) films by entomopathogenic fungi and UV-assisted surface functionalization,(P3HB) Poly(3-hydroxybutyrate),140000,1.22,4,0,0,1,1,1,1,1,6,0,2,1,16.67,0,0,165,2,72.37,0.001,353.48,2000.3,3 UV,6,28,7,1.1418E-07,8.725,97.52,10.53,20,0
Kessler,2014,Biodegradation improvement of poly(3-hydroxy-butyrate) films by entomopathogenic fungi and UV-assisted surface functionalization,(P3HB) Poly(3-hydroxybutyrate),140000,1.22,4,0,0,1,1,1,1,1,6,0,2,1,16.67,0,0,165,2,72.37,0.001,353.48,2000.3,3 UV,6,28,7,2.8958E-07,0,97.52,32.58,20,0
Kessler,2014,Biodegradation improvement of poly(3-hydroxy-butyrate) films by entomopathogenic fungi and UV-assisted surface functionalization,(P3HB) Poly(3-hydroxybutyrate),140000,1.22,4,0,0,1,1,1,1,1,6,0,2,1,16.67,0,0,165,2,72.37,0.001,353.48,2000.3,1 Indoor,6,28,7,2.0336E-08,0,97.52,1.35,20,0
Kessler,2014,Biodegradation improvement of poly(3-hydroxy-butyrate) films by entomopathogenic fungi and UV-assisted surface functionalization,(P3HB) Poly(3-hydroxybutyrate),140000,1.22,4,0,0,1,1,1,1,1,6,0,2,1,16.67,0,0,165,2,72.37,0.001,353.48,2000.3,3 UV,6,28,7,2.7373E-08,0,97.52,4.4,20,0
Kessler,2014,Biodegradation improvement of poly(3-hydroxy-butyrate) films by entomopathogenic fungi and UV-assisted surface functionalization,(P3HB) Poly(3-hydroxybutyrate),140000,1.22,4,0,0,1,1,1,1,1,6,0,2,1,16.67,0,0,165,2,72.37,0.001,353.48,2000.3,3 UV,6,28,7,2.7176E-08,0,97.52,3.81,20,0
kranz,2000,"Physicomechanical properties of biodegradable poly(D,L-lactide) and poly(D,L-lactide-co-glycolide) films in the dry and wet states","(PDLLA) Poly-D,L-lactic acid",278000,1.37,3,0,0,1,1,0,0,1,4,0,2,1,20,0,0,N.A.,43.5,1,0.1,3216,20.1,1 Indoor,0,37,7.4,7.6863E-06,0.005324,2.518,3.04,28,1
Krikštanavičienė,2014,Comparative Investigation of Mechanical–Physical Characteristics of Biodegradable and Non-Degradable Yarns,(PLA) Polylactic acid,147700,1.08,3,0,0,1,1,0,0,1,4,0,2,1,20,0,0,146,57.5,9.61,0.45,141.62,8.91,1 Indoor,0,37,7,2.5394E-08,0,98.3,18.88,100,0
kumagai,1992,"ENZYMATIC DEGRADATION AND MORPHOLOGIES OF BINARY BLENDS OF MICROBIAL POLY(3-HYDROXY BUTYRATE) WITH POLY(EPSILON-CAPROLACTONE), POLY(1,4-BUTYLENE ADIPATE AND POLY(VINYL ACETATE)",(P3HB) Poly(3-hydroxybutyrate),652000,1.2,4,0,0,1,1,1,1,1,6,0,2,1,16.67,0,0,179,1,88.58,0.05,202,40.4,1 Indoor,7,37,7.4,0.000011433,0.0522,97.52,51.15,0.791666667,0
kumar,2017,Controlled drug release through regulated biodegradation of poly(lactic acid) using inorganic salts,(PLA) Polylactic acid,235000,1.26,3,0,0,1,1,0,0,1,4,0,2,1,20,0,0,168,63,45.79,0.000275,2.37583E-07,21818.18182,1 Indoor,7,37,7.4,0.000020864,0.0426,98.3,47.86,0.416666667,0
kumar,2017,Controlled drug release through regulated biodegradation of poly(lactic acid) using inorganic salts,(PLA) Polylactic acid,235000,1.26,3,0,0,1,1,0,0,1,4,0,2,1,20,0,0,168,63,45.79,0.05,202,40.4,1 Indoor,7,37,7.4,1.0134E-06,0.2391,98.3,55.68,9,0
Lee,2017,Co-expression of ORFCma with PHB depolymerase (PhaZCma) in Escherichia coli induces efficient whole-cell biodegradation of polyesters,(P3HB) Poly(3-hydroxybutyrate),540000,1.22,4,0,0,1,1,1,1,1,6,0,2,1,16.67,0,0,168.3,2,63.44,0.1,204,20.4,3 UV,6,37,7.4,0.00019097,0.0712,100,99.58,0.25,1
Lee,2017,Co-expression of ORFCma with PHB depolymerase (PhaZCma) in Escherichia coli induces efficient whole-cell biodegradation of polyesters,(P3HB) Poly(3-hydroxybutyrate),540000,1.22,4,0,0,1,1,1,1,1,6,0,2,1,16.67,0,0,168.3,2,63.44,0.1,204,20.4,3 UV,6,50,7.4,0.000011455,0,100,100,6,1
Lee,2017,Co-expression of ORFCma with PHB depolymerase (PhaZCma) in Escherichia coli induces efficient whole-cell biodegradation of polyesters,(P3HB) Poly(3-hydroxybutyrate),540000,1.22,4,0,0,1,1,1,1,1,6,0,2,1,16.67,0,0,168.3,2,63.44,0.1,204,20.4,3 UV,6,37,7.4,0.000039734,0.1892,100,100,1,1
lee,2014,Biodegradation of polylactic acid (PLA) fibers using different enzymes,(PLA) Polylactic acid,147000,1.26,3,0,0,1,1,0,0,1,4,0,2,1,20,0,0,146.19,59.5,92,0.216,15050,15.93,1 Indoor,7,40,8,3.0706E-08,3.459,98.3,4.73,21,0
lee,2014,Biodegradation of polylactic acid (PLA) fibers using different enzymes,(PLA) Polylactic acid,147000,1.26,3,0,0,1,1,0,0,1,4,0,2,1,20,0,0,146.19,59.5,88,0.216,15050,15.93,1 Indoor,7,40,8,9.2025E-09,0,98.3,1.39,21,0
lee,2014,Biodegradation of polylactic acid (PLA) fibers using different enzymes,(PLA) Polylactic acid,147000,1.26,3,0,0,1,1,0,0,1,4,0,2,1,20,0,0,146.19,59.5,88,0.216,15050,15.93,1 Indoor,7,60,9.5,2.088E-07,7.494,98.3,25.35,21,0
Lee,2017,Co-expression of ORFCma with PHB depolymerase (PhaZCma) in Escherichia coli induces efficient whole-cell biodegradation of polyesters,(PLA) Polylactic acid,147000,1.26,3,0,0,1,1,0,0,1,4,0,2,1,20,0,0,152,65,1.7,0.1,204,20.4,3 UV,6,50,7.4,1.0531E-06,17.45,100,100,76,1
Lee,2017,Co-expression of ORFCma with PHB depolymerase (PhaZCma) in Escherichia coli induces efficient whole-cell biodegradation of polyesters,(PLA) Polylactic acid,147000,1.26,3,0,0,1,1,0,0,1,4,0,2,1,20,0,0,152,65,1.7,0.1,204,20.4,3 UV,6,50,7.4,3.1157E-06,17.4,100,100,30,1
Lee,2017,Co-expression of ORFCma with PHB depolymerase (PhaZCma) in Escherichia coli induces efficient whole-cell biodegradation of polyesters,(PCL) Polycaprolactone,126000,1.1438,6,0,0,0,0,5,5,0,10,0,2,1,12.5,0,0,61.2,-60,53.04,0.1,204,20.4,3 UV,6,50,7.4,8.081E-07,16.98,100,100,52,1
li,2019,"Development of Polyoxymethylene/Polylactide Blends for a Potentially Biodegradable Material: Crystallization Kinetics, Lifespan Prediction, and Enzymatic Degradation Behavior",(PLA) Polylactic acid,72300,1.26,3,0,0,1,1,0,0,1,4,0,2,1,20,0,0,154.1106754,66,31.9,4,1592,0.737037037,1 Indoor,7,37,7.2,2.9097E-07,16.53,98.3,44.44,40,0
Li,2015,"Stereocomplex crystallite network in poly(D,L-lactide): formation, structure and the effect on shape memory behaviors and enzymatic hydrolysis of poly(D,L-lactide)","(PDLLA) Poly-D,L-lactic acid",85000,1.25,3,0,0,1,1,0,0,1,4,0,2,1,20,0,0,N.A.,55,1,0.25,210,8.4,1 Indoor,7,37,7.4,2.6991E-06,0.6106,75.09,44.6,4,0
Lim,2013,"Biocompatibility studies and characterization of poly(3-
hydroxybutyrate-co-3-hydroxyhexanoate)/polycaprolactone blends",(PCL) Polycaprolactone,118000,1.145,6,0,0,0,0,5,5,0,10,0,2,1,12.5,0,0,61.1,-60,44.2,0.12,1212,16.83333333,1 Indoor,0,37,13.5,7.2222E-06,3.004,24.31,24.14,14.04166667,1
Lim,2013,"Biocompatibility studies and characterization of poly(3-
hydroxybutyrate-co-3-hydroxyhexanoate)/polycaprolactone blends",(PCL) Polycaprolactone,118000,1.145,6,0,0,0,0,5,5,0,10,0,2,1,12.5,0,0,61.1,-60,44.2,0.12,1212,16.83333333,1 Indoor,0,37,13.5,8.22971E-08,0,86.5,4.2,7,0
lin,1999,The merit of sintered PDLLA/TCP composites in management of bone fracture internal fixation,"(PDLLA) Poly-D,L-lactic acid",105000,1.25,3,0,0,1,1,0,0,1,4,0,2,1,20,0,0,N.A.,38,1,5,667.5884389,0.85,1 Indoor,0,37,7,2.7612E-07,26.782,100,96.11,112,0
Lipsa,2016,Biodegradation of poly(lactic acid) and some of its based systems with Trichoderma viride,(PLA) Polylactic acid,99000,1.24,3,0,0,1,1,0,0,1,4,0,2,1,20,0,0,149,59,33,0.1,1612,20.15,1 Indoor,6,28,7,9.4016E-09,6.138,98.3,1.2,21,0
liu,2018,Efficient enzymatic degradation of poly (epsilon-caprolactone) by an engineered bifunctional lipase-cutinase,(PCL) Polycaprolactone,126000,1.1438,6,0,0,0,0,5,5,0,10,0,2,1,12.5,0,0,61.2,-60,53.04,0.12,103.6,17.26666667,1 Indoor,7,35,8,4.4389E-06,0.7017,86.5,33.82,2,0
liu,2018,Efficient enzymatic degradation of poly (epsilon-caprolactone) by an engineered bifunctional lipase-cutinase,(PCL) Polycaprolactone,126000,1.1438,6,0,0,0,0,5,5,0,10,0,2,1,12.5,0,0,61.2,-60,53.04,0.12,103.6,17.26666667,1 Indoor,7,50,8,0.000013808,1.0862,86.5,64.71,2,0
liu,2018,Efficient enzymatic degradation of poly (epsilon-caprolactone) by an engineered bifunctional lipase-cutinase,(PCL) Polycaprolactone,126000,1.1438,6,0,0,0,0,5,5,0,10,0,2,1,12.5,0,0,61.2,-60,53.04,0.12,103.6,17.26666667,1 Indoor,7,40,8,0.000013947,0.7696,86.5,77.23,2,0
Lovera,2007,"Crystallization, Morphology, and Enzymatic Degradation of Polyhydroxybutyrate/Polycaprolactone (PHB/PCL) Blends",(P3HB) Poly(3-hydroxybutyrate),260000,1.22,4,0,0,1,1,1,1,1,6,0,2,1,16.67,0,0,172.7,3.5,49.39,0.003,200,666.67,3 UV,6,28,7,7.2743E-09,0,97.52,2.44,45,0
Lovera,2007,"Crystallization, Morphology, and Enzymatic Degradation of Polyhydroxybutyrate/Polycaprolactone (PHB/PCL) Blends",(PCL) Polycaprolactone,120000,1.145,6,0,0,0,0,5,5,0,10,0,2,1,12.5,0,0,58.9,-59,37.92,0.003,200,666.67,3 UV,6,28,7,4.5116E-08,0,86.5,16.83,45,0
luo,2010,Enzymatic Degradation of Supramolecular Materials Based on Partial Inclusion Complex Formation between alpha-Cyclodextrin and Poly(epsilon-caprolactone),(PCL) Polycaprolactone,165580,1.1438,6,0,0,0,0,5,5,0,10,0,2,1,12.5,0,0,63,-60,50.5,0.1,204,20.4,1 Indoor,7,37,7.4,1.3449E-07,0,86.5,20.33,27,0
luo,2010,Enzymatic Degradation of Supramolecular Materials Based on Partial Inclusion Complex Formation between alpha-Cyclodextrin and Poly(epsilon-caprolactone),(PCL) Polycaprolactone,206341,1.1438,6,0,0,0,0,5,5,0,10,0,2,1,12.5,0,0,64,-60,53.5,0.1,204,20.4,1 Indoor,7,37,7.4,1.8808E-06,0,82.04,79.55,27,1
luo,2010,Enzymatic Degradation of Supramolecular Materials Based on Partial Inclusion Complex Formation between alpha-Cyclodextrin and Poly(epsilon-caprolactone),(PCL) Polycaprolactone,247317,1.1438,6,0,0,0,0,5,5,0,10,0,2,1,12.5,0,0,63,-60,70,0.1,204,20.4,1 Indoor,7,37,7.4,2.5197E-06,0,45.83,44.9,27,1
luo,2010,Enzymatic Degradation of Supramolecular Materials Based on Partial Inclusion Complex Formation between alpha-Cyclodextrin and Poly(epsilon-caprolactone),(PCL) Polycaprolactone,226829,1.1438,6,0,0,0,0,5,5,0,10,0,2,1,12.5,0,0,63,-60,56.1,0.1,204,20.4,1 Indoor,7,37,7.4,1.3484E-06,0,76.22,75.59,27,1
luo,2010,Enzymatic Degradation of Supramolecular Materials Based on Partial Inclusion Complex Formation between alpha-Cyclodextrin and Poly(epsilon-caprolactone),(PCL) Polycaprolactone,135000,1.1438,6,0,0,0,0,5,5,0,10,0,2,1,12.5,0,0,60.1,-60,41.9,0.1,204,20.4,1 Indoor,7,37,7.4,1.2396E-06,0,86.5,82.33,27,0
luo,2010,Enzymatic Degradation of Supramolecular Materials Based on Partial Inclusion Complex Formation between alpha-Cyclodextrin and Poly(epsilon-caprolactone),(PCL) Polycaprolactone,150000,1.1438,6,0,0,0,0,5,5,0,10,0,2,1,12.5,0,0,62.1,-60,48.2,0.1,204,20.4,1 Indoor,7,37,7.4,7.6481E-07,0,74.86,63.02,27,1
Mandic,2019,Biodegradation of poly(ε-caprolactone) (PCL) and medium chain length polyhydroxyalkanoate (mcl-PHA) using whole cells and cell free protein preparations of Pseudomonas and Streptomyces strains grown on waste cooking oil,(PCL) Polycaprolactone,22000,1.1438,6,0,0,0,0,5,5,0,10,0,2,1,12.5,0,0,60,-60,61,0.2,412,10.3,1 Indoor,6,37,7.4,4.90327E-09,0,86.5,1.02,28,0
Mandic,2019,Biodegradation of poly(ε-caprolactone) (PCL) and medium chain length polyhydroxyalkanoate (mcl-PHA) using whole cells and cell free protein preparations of Pseudomonas and Streptomyces strains grown on waste cooking oil,(PCL) Polycaprolactone,22000,1.1438,6,0,0,0,0,5,5,0,10,0,2,1,12.5,0,0,60,-60,61,0.2,412,10.3,1 Indoor,6,37,7.4,3.64788E-09,0,86.5,0.76,28,0
Manna,2000,"Degradation of microbial polyester poly(3-hydroxybutyrate) in
environmental samples and in culture",(P3HB) Poly(3-hydroxybutyrate),540000,1.22,4,0,0,1,1,1,1,1,6,0,2,1,16.67,0,0,168.3,2,63.44,0.25,415,8.3,1 Indoor,1,20,6.7,1.0394E-08,0,97.52,15.8,200,0
Manna,2000,"Degradation of microbial polyester poly(3-hydroxybutyrate) in
environmental samples and in culture",(P3HB) Poly(3-hydroxybutyrate),540000,1.22,4,0,0,1,1,1,1,1,6,0,2,1,16.67,0,0,168.3,2,63.44,0.25,415,8.3,1 Indoor,1,30,6.7,2.3252E-08,22.86,97.52,29.2,200,0
Manna,2000,"Degradation of microbial polyester poly(3-hydroxybutyrate) in
environmental samples and in culture",(P3HB) Poly(3-hydroxybutyrate),540000,1.22,4,0,0,1,1,1,1,1,6,0,2,1,16.67,0,0,168.3,2,63.44,0.25,415,8.3,1 Indoor,1,40,6.7,2.912E-08,30.23,97.52,33.9,200,0
Manna,2000,"Degradation of microbial polyester poly(3-hydroxybutyrate) in
environmental samples and in culture",(P3HB) Poly(3-hydroxybutyrate),540000,1.22,4,0,0,1,1,1,1,1,6,0,2,1,16.67,0,0,168.3,2,63.44,0.25,415,8.3,1 Indoor,5,20,6.85,1.691E-08,37.58,97.52,20.6,200,0
Manna,2000,"Degradation of microbial polyester poly(3-hydroxybutyrate) in
environmental samples and in culture",(P3HB) Poly(3-hydroxybutyrate),540000,1.22,4,0,0,1,1,1,1,1,6,0,2,1,16.67,0,0,168.3,2,63.44,0.25,415,8.3,1 Indoor,5,30,6.85,4.3507E-08,36.87,97.52,44.7,200,0
Manna,2000,"Degradation of microbial polyester poly(3-hydroxybutyrate) in
environmental samples and in culture",(P3HB) Poly(3-hydroxybutyrate),540000,1.22,4,0,0,1,1,1,1,1,6,0,2,1,16.67,0,0,168.3,2,63.44,0.25,415,8.3,1 Indoor,5,40,6.85,3.9317E-08,34.7,97.52,41.9,200,0
Marchessault,1994,"Chemical, enzymatic and microbial degradation of bacterial and synthetic poly- -hydroxyalkanoates ",(P3HB) Poly(3-hydroxybutyrate),703600,1.25,4,0,0,1,1,1,1,1,6,0,2,1,16.67,0,0,171,2,64,0.35,51.2,6.565349544,1 Indoor,0,70,10,1.9757E-07,0,97.52,21.93,14.5,0
Marchessault,1994,"Chemical, enzymatic and microbial degradation of bacterial and synthetic poly- -hydroxyalkanoates ",(P3HB) Poly(3-hydroxybutyrate),703600,1.25,4,0,0,1,1,1,1,1,6,0,2,1,16.67,0,0,171,2,64,0.35,51.2,6.565349544,1 Indoor,7,37,7.4,8.3139E-08,0,97.52,1.64,2,0
Marchessault,1994,"Chemical, enzymatic and microbial degradation of bacterial and synthetic poly- -hydroxyalkanoates ",(P3HB) Poly(3-hydroxybutyrate),540000,1.22,4,0,0,1,1,1,1,1,6,0,2,1,16.67,0,0,168.3,2,63.44,0.35,51.2,6.565349544,1 Indoor,0,70,10,1.0044E-07,0,97.52,9.78,14.5,0
Marchessault,1994,"Chemical, enzymatic and microbial degradation of bacterial and synthetic poly- -hydroxyalkanoates ",(P3HB) Poly(3-hydroxybutyrate),540000,1.22,4,0,0,1,1,1,1,1,6,0,2,1,16.67,0,0,168.3,2,63.44,0.35,51.2,6.565349544,1 Indoor,7,37,7.4,0.0011,0.1663,100,100,0.333333333,1
Marchessault,1994,"Chemical, enzymatic and microbial degradation of bacterial and synthetic poly- -hydroxyalkanoates ",(P3HB) Poly(3-hydroxybutyrate),540000,1.22,4,0,0,1,1,1,1,1,6,0,2,1,16.67,0,0,168.3,2,63.44,0.14,51.2,6.565349544,1 Indoor,4,24,7,1.6898E-07,0.3015,97.52,15.32,12,0
Marchessault,1994,"Chemical, enzymatic and microbial degradation of bacterial and synthetic poly- -hydroxyalkanoates ",(P4HB) Poly(4-hydroxybutyrate),278400,1.22,4,0,0,0,0,3,3,0,6,0,2,1,16.67,0,0,54.3,-44,18,0.35,51.2,6.565349544,1 Indoor,0,37,7.4,0.000010203,0.0789,97.52,70.12,1.333333333,0
Marchessault,1994,"Chemical, enzymatic and microbial degradation of bacterial and synthetic poly- -hydroxyalkanoates ",(P4HB) Poly(4-hydroxybutyrate),7700,1.22,4,0,0,0,0,3,3,0,6,0,2,1,16.67,0,0,53.5,-44,10,0.35,51.2,6.565349544,1 Indoor,7,37,7.4,2.7514E-07,0,97.52,3.85,2,0
Mercier,2017,"Fate of eight different polymers under uncontrolled composting conditions: relationships between deterioration, biofilm formation and the material surface properties ",(PHA) Polyhydroxyalkanoate,,1.22,4,0,0,0,0,3,3,0,6,0,2,1,16.67,0,0,53.7,-46,21.5,20,991000,0.106,0 Dark,N.A.,12.75,7.6,2.11665E-09,0,97.52,7.9,450,0
Mercier,2017,"Fate of eight different polymers under uncontrolled composting conditions: relationships between deterioration, biofilm formation and the material surface properties ",(PLLA) Poly-L-lactic acid,300000,1.28,3,0,0,1,1,0,0,1,4,0,2,1,20,0,0,178,54,19.7,20,991000,0.106,0 Dark,N.A.,12.75,7.6,5.78632E-11,N.A.,100,0.225,450,0
Mergaert,1996,Biodegradation of Poly(3-hydroxyalkanoates) in Anaerobic Sludge and Characterization of a Poly(3-hydroxyalkanoates) Degrading Anaerobic Bacterium,(P3HB) Poly(3-hydroxybutyrate),350000,1.22,4,0,0,1,1,1,1,1,6,0,2,1,16.67,0,0,173,4,59,2,1950,1.23,0 Dark,4,33,7.6,1.7708E-08,0,97.52,14.84,123,0
Mergaert,1996,Biodegradation of Poly(3-hydroxyalkanoates) in Anaerobic Sludge and Characterization of a Poly(3-hydroxyalkanoates) Degrading Anaerobic Bacterium,(P3HB) Poly(3-hydroxybutyrate),350000,1.22,4,0,0,1,1,1,1,1,6,0,2,1,16.67,0,0,173,4,59,2,1950,1.23,0 Dark,4,33,7.6,2.5382E-08,0,97.52,21.87,123,0
mochiizuki,1995,HYDROLYSIS OF POLYCAPROLACTONE FIBERS BY LIPASE - EFFECTS OF DRAW RATIO ON ENZYMATIC DEGRADATION,(PCL) Polycaprolactone,160000,1.1438,6,0,0,0,0,5,5,0,10,0,2,1,12.5,0,0,67.2,-60,69.3,0.277,155.18,14.45154432,1 Indoor,7,30,7,2.05937E-07,0,86.5,2.89,0.666666667,0
mochiizuki,1995,HYDROLYSIS OF POLYCAPROLACTONE FIBERS BY LIPASE - EFFECTS OF DRAW RATIO ON ENZYMATIC DEGRADATION,(PCL) Polycaprolactone,160000,1.1438,6,0,0,0,0,5,5,0,10,0,2,1,12.5,0,0,65.6,-60,67.15,0.28,155.18,14.2968254,1 Indoor,7,30,7,9.95403E-07,0,86.5,4.82,0.666666667,0
mochiizuki,1995,HYDROLYSIS OF POLYCAPROLACTONE FIBERS BY LIPASE - EFFECTS OF DRAW RATIO ON ENZYMATIC DEGRADATION,(PCL) Polycaprolactone,160000,1.1438,6,0,0,0,0,5,5,0,10,0,2,1,12.5,0,0,64,-60,65,0.278,155.18,14.39960032,1 Indoor,7,30,7,1.16843E-06,0,86.5,5.63,0.666666667,0
mochiizuki,1995,HYDROLYSIS OF POLYCAPROLACTONE FIBERS BY LIPASE - EFFECTS OF DRAW RATIO ON ENZYMATIC DEGRADATION,(PCL) Polycaprolactone,160000,1.1438,6,0,0,0,0,5,5,0,10,0,2,1,12.5,0,0,63.5,-60,64.15,0.272,155.18,14.71699346,1 Indoor,7,30,7,1.53947E-06,0,86.5,7.34,0.666666667,0
mochiizuki,1995,HYDROLYSIS OF POLYCAPROLACTONE FIBERS BY LIPASE - EFFECTS OF DRAW RATIO ON ENZYMATIC DEGRADATION,(PCL) Polycaprolactone,160000,1.1438,6,0,0,0,0,5,5,0,10,0,2,1,12.5,0,0,62,-60,63.3,0.272,155.18,14.71699346,1 Indoor,7,30,7,2.03331E-06,0,86.5,9.56,0.666666667,0
mochiizuki,1995,HYDROLYSIS OF POLYCAPROLACTONE FIBERS BY LIPASE - EFFECTS OF DRAW RATIO ON ENZYMATIC DEGRADATION,(PCL) Polycaprolactone,160000,1.1438,6,0,0,0,0,5,5,0,10,0,2,1,12.5,0,0,59,-60,40,0.279,155.18,14.34802867,1 Indoor,7,30,7,2.43044E-06,0,86.5,11.3,0.666666667,0
murase,2015,Amino acid-based poly(ester amide) nanofibers for tailored enzymatic degradation prepared by miniemulsion-electrospinning,(PCL) Polycaprolactone,80000,1.1438,6,0,0,0,0,5,5,0,10,0,2,1,12.5,0,0,59,-60,60,0.12,204.8,17.06666667,1 Indoor,7,37,7.4,0.000022477,0,10.38,12,30,1
murase,2015,Amino acid-based poly(ester amide) nanofibers for tailored enzymatic degradation prepared by miniemulsion-electrospinning,(PCL) Polycaprolactone,80000,1.1438,6,0,0,0,0,5,5,0,10,0,2,1,12.5,0,0,59,-60,60,0.12,204.8,17.06666667,1 Indoor,0,37,7.4,1.0601E-08,0,86.5,2.15,30,0
nagata,2004,"Biodegradable elastic photocured polyesters based on adipic acid, 4-hydroxycinnamic acid and poly(epsilon-caprolactone) diols",(PCL) Polycaprolactone,45250,1.1438,6,0,0,0,0,5,5,0,10,0,2,1,12.5,0,0,60,-72,51,0.21,208.4,9.923809524,1 Indoor,7,37,7.2,0.00025367,0.013,100,92.1,0.125,0
nagata,2002,Biodegradable network elastomeric polyesters from multifunctional aromatic carboxylic acids and poly(epsilon-caprolactone) diols,(PCL) Polycaprolactone,2000,1.001907601,6,0,0,0,0,5,5,0,10,0,2,1,12.5,0,0,38,-62,25,0.2,816,10.2,1 Indoor,7,37,7.2,0.000048694,0.0626,100,90.17,0.5,0
nagata,2002,Biodegradable network elastomeric polyesters from multifunctional aromatic carboxylic acids and poly(epsilon-caprolactone) diols,(PCL) Polycaprolactone,1250,1.00119225,6,0,0,0,0,5,5,0,10,0,2,1,12.5,0,0,22,-59,20,0.2,816,10.2,1 Indoor,7,37,7.2,0.000014167,0.0828,86.5,63.83,1,0
nagata,2002,Biodegradable network elastomeric polyesters from multifunctional aromatic carboxylic acids and poly(epsilon-caprolactone) diols,(PCL) Polycaprolactone,530,1.002921013,6,0,0,0,0,5,5,0,10,0,2,1,12.5,0,0,12,-41,15,0.2,816,10.2,1 Indoor,7,37,7.2,1.6022E-06,0.0326,86.5,11.16,1,0
nagata,2002,Biodegradable network elastomeric polyesters from multifunctional aromatic carboxylic acids and poly(epsilon-caprolactone) diols,(PCL) Polycaprolactone,530,1.037913562,6,0,0,0,0,5,5,0,10,0,2,1,12.5,0,0,10,-46,13,0.2,816,10.2,1 Indoor,7,37,7.2,1.5058E-07,0.1525,86.5,0.96,1,0
nagata,2002,Biodegradable network elastomeric polyesters from multifunctional aromatic carboxylic acids and poly(epsilon-caprolactone) diols,(PCL) Polycaprolactone,530,1.005961252,6,0,0,0,0,5,5,0,10,0,2,1,12.5,0,0,5,-50,7,0.2,816,10.2,1 Indoor,7,37,7.2,9.1194E-07,0.1008,86.5,5.92,1,0
Nakayama,2019,Biodegradation in seawater of aliphatic polyesters,(P3HB) Poly(3-hydroxybutyrate),540000,1.22,4,0,0,1,1,1,1,1,6,0,2,1,16.67,0,0,168.3,2,63.44,0.1,456,20.26666667,1 Indoor,2,27,7.9,6.2963E-07,2.33,85.54,72.91,42,0
Nakayama,2019,Biodegradation in seawater of aliphatic polyesters,(P3HB) Poly(3-hydroxybutyrate),540000,1.22,4,0,0,1,1,1,1,1,6,0,2,1,16.67,0,0,168.3,2,63.44,0.1,1210,20.167,2 Outdoor,2,27,7.9,1.3275E-06,2.8,62.41,61.49,28,1
Nakayama,2019,Biodegradation in seawater of aliphatic polyesters,(P3HB) Poly(3-hydroxybutyrate),540000,1.22,4,0,0,1,1,1,1,1,6,0,2,1,16.67,0,0,168.3,2,63.44,0.1,1210,20.167,2 Outdoor,2,27,7.9,6.6968E-07,1.4,55.88,44.98,28,0
Nakayama,2019,Biodegradation in seawater of aliphatic polyesters,(P3HB) Poly(3-hydroxybutyrate),540000,1.22,4,0,0,1,1,1,1,1,6,0,2,1,16.67,0,0,168.3,2,63.44,0.1,1210,20.167,2 Outdoor,2,20,7.9,1.0994E-06,6.225,44.27,40.2,29,0
Nakayama,2019,Biodegradation in seawater of aliphatic polyesters,(P3HB) Poly(3-hydroxybutyrate),540000,1.22,4,0,0,1,1,1,1,1,6,0,2,1,16.67,0,0,168.3,2,63.44,0.1,1210,20.167,2 Outdoor,2,10,7.9,1.7199E-07,6.651,85.54,25.06,28,0
Nakayama,2019,Biodegradation in seawater of aliphatic polyesters,(PCL) Polycaprolactone,126000,1.145,6,0,0,0,0,5,5,0,10,0,2,1,12.5,0,0,61.2,-60,53.04,0.1,456,20.26666667,1 Indoor,2,27,7.9,1.8912E-07,5.938,89.77,71.54,95,1
Nam,2020,Aliphatic Polyester-Based Biodegradable Microbeads for Sustainable Cosmetics,(PCL) Polycaprolactone,10000,1.1438,6,0,0,0,0,5,5,0,10,0,2,1,12.5,0,0,60,-60,60,0.385,0.465662571,15.58441558,3 UV,2,25,7.9,1.8436E-09,47.327,86.5,4.49,364,0
Nam,2020,Aliphatic Polyester-Based Biodegradable Microbeads for Sustainable Cosmetics,(PCL) Polycaprolactone,10000,1.1438,6,0,0,0,0,5,5,0,10,0,2,1,12.5,0,0,60,-60,60,0.385,0.465662571,15.58441558,3 UV,0,25,11,5.372E-09,56,86.5,4.49,364,0
Nam,2020,Aliphatic Polyester-Based Biodegradable Microbeads for Sustainable Cosmetics,(PLA) Polylactic acid,147000,1.26,3,0,0,1,1,0,0,1,4,0,2,1,20,0,0,152,65,1.7,0.385,0.465662571,15.58441558,3 UV,2,25,7.9,1.5408E-09,0,98.3,4.79,364,0
Nam,2020,Aliphatic Polyester-Based Biodegradable Microbeads for Sustainable Cosmetics,(PLA) Polylactic acid,147000,1.26,3,0,0,1,1,0,0,1,4,0,2,1,20,0,0,152,65,1.7,0.385,0.465662571,15.58441558,3 UV,0,25,11,8.9616E-09,6.3546,98.3,28.64,364,0
nimisha,2012,Preparation of poly(L-lactide) blends and biodegradation by Lentzea waywayandensis,(PLA) Polylactic acid,147000,1.26,3,0,0,1,1,0,0,1,4,0,2,1,20,0,0,152,65,1.7,0.12,1581.44,16.80952381,1 Indoor,6,30,7.3,7.30824E-06,0,98.3,92,4,0
norazlina,2018,Effects of multi-walled carbon nanotubes (MWCNTs) on the degradation behavior of plasticized PLA nanocomposites,(PLA) Polylactic acid,55400,1.24,3,0,0,1,1,0,0,1,4,0,2,1,20,0,0,165,60,30.8,5,78.54,1.2,1 Indoor,0,45,7,1.985E-09,3.84,98.3,0.4,28,0
owen,1995,"BIODEGRADATION OF POLY-D,L-LACTIC ACID POLYURETHANES",(PEG) Poly(ethylene glycol),2100,1.11,2,0,0,0,0,2,2,0,4,0,1,0,0,0,0,55,-41,87,0.23,409,8.98136646,1 Indoor,5,25,6.5,5.04605E-07,0,95.94,70,30,0
owen,1995,"BIODEGRADATION OF POLY-D,L-LACTIC ACID POLYURETHANES",(PEG) Poly(ethylene glycol),1200,1.11,2,0,0,0,0,2,2,0,4,0,1,0,0,0,0,35,-53.6,86,0.23,409,8.98136646,1 Indoor,5,25,6.5,1.81473E-07,0,95.94,36,30,0
panyachanakul,2019,Development of biodegradation process for Poly(DL-lactic acid) degradation by crude enzyme produced by Actinomadura keratinilytica strain T16-1,(PLA) Polylactic acid,43000,1.32,3,0,0,1,1,0,0,1,4,0,2,1,20,0,0,165,60,30.8,0.385,0.465662571,15.58441558,1 Indoor,7,60,9,0.000001024,0.07723,98.43,29.95,4,0
panyachanakul,2019,Development of biodegradation process for Poly(DL-lactic acid) degradation by crude enzyme produced by Actinomadura keratinilytica strain T16-1,(PLA) Polylactic acid,43000,1.32,3,0,0,1,1,0,0,1,4,0,2,1,20,0,0,165,60,30.8,0.385,0.465662571,15.58441558,1 Indoor,7,60,10,1.4734E-06,0.9272,98.43,32.72,4,0
panyachanakul,2019,Development of biodegradation process for Poly(DL-lactic acid) degradation by crude enzyme produced by Actinomadura keratinilytica strain T16-1,(PLA) Polylactic acid,43000,1.32,3,0,0,1,1,0,0,1,4,0,2,1,20,0,0,165,60,30.8,0.385,0.465662571,15.58441558,1 Indoor,7,60,9,4.2326E-08,N.A.,98.3,14.75,2,0
panyachanakul,2019,Development of biodegradation process for Poly(DL-lactic acid) degradation by crude enzyme produced by Actinomadura keratinilytica strain T16-1,(PLA) Polylactic acid,43000,1.32,3,0,0,1,1,0,0,1,4,0,2,1,20,0,0,165,60,30.8,0.1,62.6,20.87,1 Indoor,7,60,9,0.000000297,N.A.,98.3,5,2,0
panyachanakul,2019,Development of biodegradation process for Poly(DL-lactic acid) degradation by crude enzyme produced by Actinomadura keratinilytica strain T16-1,(PLA) Polylactic acid,43000,1.32,3,0,0,1,1,0,0,1,4,0,2,1,20,0,0,165,60,30.8,0.385,0.465662571,15.58441558,1 Indoor,7,60,8,7.9306E-06,0.454,89,73.27,4,1
pelegrini,2015,Degradation of PLA and PLA in composites with triacetin and buriti fiber after 600 days in a simulated marine environment,(PLA) Polylactic acid,147000,1.26,3,0,0,1,1,0,0,1,4,0,2,1,20,0,0,170,65,34.5,1,40600,2.03,2 Outdoor,3,23.5,8.2,8.4178E-10,0,98.3,3.89,600,0
peng,2010,Controlled enzymatic degradation of poly(epsilon-caprolactone)-based copolymers in the presence of porcine pancreatic lipase,(PCL) Polycaprolactone,40500,1.1438,6,0,0,0,0,5,5,0,10,0,2,1,12.5,0,0,59.6,-60,79,0.3,824,6.866666667,1 Indoor,7,37,7.4,8.7037E-08,0,86.5,8.97,15,0
polyak,2017,Mechanism and kinetics of the hydrolytic degradation of amorphous poly(3-hydroxybutyrate),(P3HB) Poly(3-hydroxybutyrate),735000,1.2,4,0,0,1,1,1,1,1,6,0,2,1,16.67,0,0,178,4,60,0.1,19200,20,1 Indoor,0,25,13,1.478E-09,3.907,97.52,0.3,28,0
polyak,2017,Mechanism and kinetics of the hydrolytic degradation of amorphous poly(3-hydroxybutyrate),(P3HB) Poly(3-hydroxybutyrate),735000,1.2,4,0,0,1,1,1,1,1,6,0,2,1,16.67,0,0,178,4,60,0.01,19200,200,1 Indoor,0,25,7,3.1979E-09,0,97.52,0.76,28,0
polyak,2017,Mechanism and kinetics of the hydrolytic degradation of amorphous poly(3-hydroxybutyrate),(P3HB) Poly(3-hydroxybutyrate),735000,1.2,4,0,0,1,1,1,1,1,6,0,2,1,16.67,0,0,178,4,60,0.01,19200,200,1 Indoor,0,25,12,5.7384E-09,2.737,97.52,1.31,28,0
polyak,2017,Mechanism and kinetics of the hydrolytic degradation of amorphous poly(3-hydroxybutyrate),(P3HB) Poly(3-hydroxybutyrate),735000,1.2,4,0,0,1,1,1,1,1,6,0,2,1,16.67,0,0,178,4,60,0.01,19200,200,1 Indoor,0,25,12.5,2.4745E-08,4.73,97.52,5.33,28,0
polyak,2017,Mechanism and kinetics of the hydrolytic degradation of amorphous poly(3-hydroxybutyrate),(P3HB) Poly(3-hydroxybutyrate),735000,1.2,4,0,0,1,1,1,1,1,6,0,2,1,16.67,0,0,178,4,60,0.01,19200,200,1 Indoor,0,25,13,4.5185E-08,3.941,97.52,10.35,28,0
Prabhakar,2004,Effect of glass composition on the degradation properties and ion release characteristics of phosphate glass - polycaprolactone composites,(PCL) Polycaprolactone,151000,1.1438,6,0,0,0,0,5,5,0,10,0,2,1,12.5,0,0,57,-60,62,0.5,171,4.75,1 Indoor,0,37,7.2,5.8079E-09,0,86.5,0.6,14.16666667,0
proikakis,2006,"Swelling and hydrolytic degradation of poly(D,L-lactic acid) in aqueous solutions","(PDLLA) Poly-D,L-lactic acid",2600,1.25,3,0,0,1,1,0,0,1,4,0,2,1,20,0,0,N.A.,60,1,2,1144,1.181818182,0 Dark,0,37,5.4,5.1655E-07,16.06,100,74.77,40,0
proikakis,2006,"Swelling and hydrolytic degradation of poly(D,L-lactic acid) in aqueous solutions","(PDLLA) Poly-D,L-lactic acid",2600,1.25,3,0,0,1,1,0,0,1,4,0,2,1,20,0,0,N.A.,60,1,2,1144,1.181818182,0 Dark,0,37,7.4,3.228E-07,9.327,100,69.11,45,0
Puechner,1995,Assessing the Biodegradation Potential of Polymers in Screening- and Long-Term Test Systems,(P3HB) Poly(3-hydroxybutyrate),539000,1.22,4,0,0,1,1,1,1,1,6,0,2,1,16.67,0,0,175,6,67,0.2,0.126,30,0 Dark,4,20,7,3.8773E-06,3.673,78.55,78.22,22,1
Puechner,1995,Assessing the Biodegradation Potential of Polymers in Screening- and Long-Term Test Systems,(PCL) Polycaprolactone,126000,1.1438,6,0,0,0,0,5,5,0,10,0,2,1,12.5,0,0,61.2,-60,53.04,0.055,51.1,37.16,0 Dark,4,20,7,6.0683E-06,14.84,78,77.79,25,1
Puechner,1995,Assessing the Biodegradation Potential of Polymers in Screening- and Long-Term Test Systems,(PCL) Polycaprolactone,126000,1.1438,6,0,0,0,0,5,5,0,10,0,2,1,12.5,0,0,61.2,-60,53.04,0.25,0.196,24,0 Dark,4,20,7,3.4838E-06,5.084,90,89.72,22,1
Puechner,1995,Assessing the Biodegradation Potential of Polymers in Screening- and Long-Term Test Systems,(PCL) Polycaprolactone,126000,1.1438,6,0,0,0,0,5,5,0,10,0,2,1,12.5,0,0,61.2,-60,53.04,0.055,51.1,37.16,0 Dark,4,20,7,7.0023E-07,0,100,99.57,63,1
Puglia,2013,Influence of organically modified clays on the properties and disintegrability in compost of solution cast poly(3-hydroxybutyrate) films,(P3HB) Poly(3-hydroxybutyrate),600000,1.22,4,0,0,1,1,1,1,1,6,0,2,1,16.67,0,0,169.9,2,54.3,0.05,453,40.27,0 Dark,N.A.,58,7.6,4.4051E-06,20.47,100,99.81,35,1
pulkkinen,2007,Effects of block length on the enzymatic degradation and erosion of oxazoline linked poly-epsilon-caprolactone,(PCL) Polycaprolactone,67600,1.1438,6,0,0,0,0,5,5,0,10,0,2,1,12.5,0,0,65,-60,52,0.22,77.28,9.757575758,1 Indoor,7,37,7.5,1.8067E-08,0,86.5,3.25,22,0
QIU,2011,"Crystallization, Mechanical Properties, and Controlled Enzymatic Degradation of Biodegradable Poly(epsilon-caprolactone)/Multi-Walled Carbon Nanotubes Nanocomposites",(PCL) Polycaprolactone,145000,1.1438,6,0,0,0,0,5,5,0,10,0,2,1,12.5,0,0,60,-60,62,0.2,161.2,10.46753247,1 Indoor,7,37,7.6,0.00003975,0.0099,85.76,72.63,0.583333333,1
rangari,2012,Study of Strain-Induced Crystallization and Enzymatic Degradation of Drawn Poly(L-lactic acid) (PLLA) Films,(PLLA) Poly-L-lactic acid,300000,1.28,3,0,0,1,1,0,0,1,4,0,2,1,20,0,0,183,63,42.6,0.055,3880.739,36.45549988,1 Indoor,7,37,8.5,7.6424E-08,0,100,5.94,10,0
rangari,2012,Study of Strain-Induced Crystallization and Enzymatic Degradation of Drawn Poly(L-lactic acid) (PLLA) Films,(PLLA) Poly-L-lactic acid,300000,1.28,3,0,0,1,1,0,0,1,4,0,2,1,20,0,0,182,60,40.9,0.055,3880.739,36.45549988,1 Indoor,7,37,8.5,9.9306E-08,0.07521,100,7.61,10,0
rangari,2012,Study of Strain-Induced Crystallization and Enzymatic Degradation of Drawn Poly(L-lactic acid) (PLLA) Films,(PLLA) Poly-L-lactic acid,300000,1.28,3,0,0,1,1,0,0,1,4,0,2,1,20,0,0,180,57,32,0.055,3880.739,36.45549988,1 Indoor,7,37,8.5,1.8981E-07,0.4909,100,14.5,10,0
rangari,2012,Study of Strain-Induced Crystallization and Enzymatic Degradation of Drawn Poly(L-lactic acid) (PLLA) Films,(PLLA) Poly-L-lactic acid,300000,1.28,3,0,0,1,1,0,0,1,4,0,2,1,20,0,0,178,54,19.7,0.055,3880.739,36.45549988,1 Indoor,7,37,8.5,3.5648E-07,0.6638,100,25.61,10,0
ruan,2014,Tunable Degradation of Piperazine-Based Polyurethane Ureas,"(PDLLA) Poly-D,L-lactic acid",65372,1.25,3,0,0,1,1,0,0,1,4,0,2,1,20,0,0,N.A.,48,1,1,148,2.64,3 UV,0,37,7.4,8.0241E-07,40.04,86.23,80.06,84,1
Sashiwa,2018,Microbial Degradation Behavior in Seawater of Polyester Blends Containing Poly(3-hydroxybutyrate-co-3-hydroxyhexanoate) (PHBHHx),(PLA) Polylactic acid,160000,1.26,3,0,0,1,1,0,0,1,4,0,2,1,20,0,0,170,65,37.6,0.49,0.754296396,12.24489796,1 Indoor,2,27,7.9,5.5E-09,2.809,98.43,1,28,0
Scandola,1998,Biodegradation of a starch containing thermoplastic in standardized test systems,(PCL) Polycaprolactone,50000,1.145,6,0,0,0,0,5,5,0,10,0,2,1,12.5,0,0,60,-60,55,0.12,1010.8,16.84666667,1 Indoor,6,28,6.8,0.000018231,0.7817,86.5,77.81,2,0
Sheth,1997,Biodegradable polymer blends of poly(lactic acid) and poly(ethylene glycol),(PLA) Polylactic acid,140000,1.2,3,0,0,1,1,0,0,1,4,0,2,1,20,0,0,146,57.4,1.7,0.15,409,13.6,1 Indoor,7,37,8.6,0.000045889,0.2495,15.07,18.27,2,1
Sheth,1997,Biodegradable polymer blends of poly(lactic acid) and poly(ethylene glycol),(PLA) Polylactic acid,140000,1.2,3,0,0,1,1,0,0,1,4,0,2,1,20,0,0,146,57.4,1.7,0.15,409,13.6,1 Indoor,0,37,8.6,9.34E-08,N.A.,98.3,1.6,2,0
Sheth,1997,Biodegradable polymer blends of poly(lactic acid) and poly(ethylene glycol),(PLA) Polylactic acid,140000,1.2,3,0,0,1,1,0,0,1,4,0,2,1,20,0,0,146,57.4,1.7,0.15,409,13.6,1 Indoor,0,37,10.6,4.6424E-09,3.204,98.3,1.97,45,0
shi,2019,Enzymatic hydrolysis of polyester: Degradation of poly(epsilon-caprolactone) by Candida antarctica lipase and Fusarium solani cutinase,(PCL) Polycaprolactone,6000,1.1438,6,0,0,0,0,5,5,0,10,0,2,1,12.5,0,0,53.4,-60,30.2,0.5,640,4.266666667,1 Indoor,7,45,7.2,0.000036493,0,86.67,87.79,3,1
shi,2019,Enzymatic hydrolysis of polyester: Degradation of poly(epsilon-caprolactone) by Candida antarctica lipase and Fusarium solani cutinase,(PCL) Polycaprolactone,6000,1.1438,6,0,0,0,0,5,5,0,10,0,2,1,12.5,0,0,53.4,-60,30.2,0.5,640,4.266666667,1 Indoor,7,37,7.2,8.2556E-06,0.0647,86.5,81.22,3,0
shiaku,2002,Mechanical properties and enzymic degradation of thermoplastic and granular sago starch filled poly(epsilon-caprolactone),(PCL) Polycaprolactone,160000,1.1438,6,0,0,0,0,5,5,0,10,0,2,1,12.5,0,0,60,-60,63.3,0.7,419.5,28.83809524,1 Indoor,7,30,7,7.33203E-08,0,86.5,0.41,0.75,0
Sridewi,2006,Degradation of commercially important polyhydroxyalkanoates in tropical mangrove ecosystem,(P3HB) Poly(3-hydroxybutyrate),600000,1.22,4,0,0,1,1,1,1,1,6,0,2,1,16.67,0,0,169,2,54.3,2,280,1.4,2 Outdoor,2,30,7.2,3.5334E-07,16.758,97.52,75.98,56,0
Sridewi,2006,Degradation of commercially important polyhydroxyalkanoates in tropical mangrove ecosystem,(P3HB) Poly(3-hydroxybutyrate),600000,1.22,4,0,0,1,1,1,1,1,6,0,2,1,16.67,0,0,169,2,54.3,2,280,1.4,2 Outdoor,2,28.5,7.52,3.2887E-07,14.931,97.52,71.13,56,0
Sridewi,2006,Degradation of commercially important polyhydroxyalkanoates in tropical mangrove ecosystem,(P3HB) Poly(3-hydroxybutyrate),600000,1.22,4,0,0,1,1,1,1,1,6,0,2,1,16.67,0,0,169,2,54.3,2,280,1.4,2 Outdoor,1,28,7.03,2.8307E-07,22.834,97.52,57.1,56,0
takagi,2004,Morphologies and mechanical properties of polylactide blends with medium chain length poly(3-hydroxyalkanoate) and chemically modified poly(3-hydroxyalkanoate),(PLA) Polylactic acid,99000,1.26,3,0,0,1,1,0,0,1,4,0,2,1,20,0,0,149,57.7,33,3,654,1.211111111,1 Indoor,4,37,7.4,6.0822E-10,100.58,98.3,0.07,120,0
tjong,1998,Degradation behavior of poly(caprolactone) poly(ethylene glycol) block copolymer low-density polyethylene blends,(PCL) Polycaprolactone,65000,1.1438,6,0,0,0,0,5,5,0,10,0,2,1,12.5,0,0,64.28,-46.7,54.01,0.2,45120,10.02666667,1 Indoor,6,50,5,5.2199E-07,0,86.5,16.09,150,0
Tomasi,1995,Blends of bacterial poly (3-hydroxybutyrate) with cellulose acetate butyrate in activated sludge,(P3HB) Poly(3-hydroxybutyrate),539000,1.22,4,0,0,1,1,1,1,1,6,0,2,1,16.67,0,0,175,6,67,0.26,820.8,7.89,1 Indoor,5,25,7.4,9.5104E-07,2.027,97.52,68.63,15,0
Tomasi,1995,Blends of bacterial poly (3-hydroxybutyrate) with cellulose acetate butyrate in activated sludge,(P3HB) Poly(3-hydroxybutyrate),539000,1.22,4,0,0,1,1,1,1,1,6,0,2,1,16.67,0,0,175,6,66,0.26,820.8,7.89,1 Indoor,5,25,7.4,7.0822E-07,1.641,97.52,58.9,15,0
Tomasi,1995,Blends of bacterial poly (3-hydroxybutyrate) with cellulose acetate butyrate in activated sludge,(P3HB) Poly(3-hydroxybutyrate),539000,1.22,4,0,0,1,1,1,1,1,6,0,2,1,16.67,0,0,175,6,65,0.26,820.8,7.89,1 Indoor,5,25,7.4,0.000001191,1.559,97.52,78.19,15,0
Tsuji,2001,"Environmental degradation of biodegradable polyesters 1. Poly(epsilon-caprolactone), poly[(R)-3-hydroxybutyrate], and poly(L-lactide) films in controlled static seawater",(P3HB) Poly(3-hydroxybutyrate),354000,1.22,4,0,0,1,1,1,1,1,6,0,2,1,16.67,0,0,173,4,59,0.05,183.3,40.73,1 Indoor,3,25,7.9,1.6138E-08,0,97.52,8.38,70,0
Tsuji,2002,"Environmental degradation of biodegradable polyesters 2. Poly(epsilon-caprolactone), poly [(R)-3-hydroxybutyrate], and poly(L-lactide) films in natural dynamic seawater",(P3HB) Poly(3-hydroxybutyrate),269000,1.22,4,0,0,1,1,1,1,1,6,0,2,1,16.67,0,0,174,5,57,0.05,183.3,40.73333333,2 Outdoor,2,22.5,7.9,8.5949E-07,3.263,71.67,63.97,35,1
Tsuji,2002,"Environmental degradation of biodegradable polyesters 2. Poly(epsilon-caprolactone), poly [(R)-3-hydroxybutyrate], and poly(L-lactide) films in natural dynamic seawater",(P3HB) Poly(3-hydroxybutyrate),269000,1.22,4,0,0,1,1,1,1,1,6,0,2,1,16.67,0,0,174,5,57,0.05,183.3,40.73333333,1 Indoor,2,25,7.9,2.7002E-08,10.82,97.52,5.87,35,0
Tsuji,2002,"Blends of Aliphatic Polyesters. VIII. Effects of Poly(L-lactide-co-caprolactone) on Enzymatic Hydrolysis of Poly(L-lactide), Poly(-caprolactone), and Their Blend Films",(PCL) Polycaprolactone,204000,1.1438,6,0,0,0,0,5,5,0,10,0,2,1,12.5,0,0,65,-60,52,0.1,204,20.4,1 Indoor,7,37,8.6,2.6238E-09,0,86.5,0.28,15,0
Tsuji,2002,"Blends of Aliphatic Polyesters. VIII. Effects of Poly(L-lactide-co-caprolactone) on Enzymatic Hydrolysis of Poly(L-lactide), Poly(-caprolactone), and Their Blend Films",(PCL) Polycaprolactone,204000,1.1438,6,0,0,0,0,5,5,0,10,0,2,1,12.5,0,0,65,-60,52,0.1,204,20.4,1 Indoor,7,30,7,9.3808E-07,2.542,86.5,58.93,15,0
Tsuji,2002,"Environmental degradation of biodegradable polyesters 2. Poly(epsilon-caprolactone), poly [(R)-3-hydroxybutyrate], and poly(L-lactide) films in natural dynamic seawater",(PCL) Polycaprolactone,229000,1.1438,6,0,0,0,0,5,5,0,10,0,2,1,12.5,0,0,63,-60,50,0.05,183.3,40.73333333,2 Outdoor,2,22.5,7.9,2.8681E-07,17.84,86.5,29.74,35,0
Tsuji,2002,"Environmental degradation of biodegradable polyesters 2. Poly(epsilon-caprolactone), poly [(R)-3-hydroxybutyrate], and poly(L-lactide) films in natural dynamic seawater",(PCL) Polycaprolactone,229000,1.1438,6,0,0,0,0,5,5,0,10,0,2,1,12.5,0,0,63,-60,50,0.05,183.3,40.73333333,1 Indoor,2,25,7.9,8.3715E-08,15,86.5,13.98,35,0
Tsuji,2001,"Environmental degradation of biodegradable polyesters 1. Poly(epsilon-caprolactone), poly[(R)-3-hydroxybutyrate], and poly(L-lactide) films in controlled static seawater",(PCL) Polycaprolactone,176000,1.1438,6,0,0,0,0,5,5,0,10,0,2,1,12.5,0,0,63,-60,56,0.05,183.3,40.73,1 Indoor,3,25,7.9,6.3294E-08,7.63,86.5,24.2,70,0
Tsuji,2002,"Blends of Aliphatic Polyesters. VIII. Effects of Poly(L-lactide-co-caprolactone) on Enzymatic Hydrolysis of Poly(L-lactide), Poly(-caprolactone), and Their Blend Films",(PLLA) Poly-L-lactic acid,1100000,1.28,3,0,0,1,1,0,0,1,4,0,2,1,20,0,0,179,66.25,36,0.1,204,20.4,1 Indoor,7,37,8.6,0.000001728,1.229,29.47,28.2,15,1
Tsuji,2002,"Blends of Aliphatic Polyesters. VIII. Effects of Poly(L-lactide-co-caprolactone) on Enzymatic Hydrolysis of Poly(L-lactide), Poly(-caprolactone), and Their Blend Films",(PLLA) Poly-L-lactic acid,1100000,1.28,3,0,0,1,1,0,0,1,4,0,2,1,20,0,0,179,66.25,36,0.1,204,20.4,1 Indoor,7,30,7,8.5336E-09,0,100,0.91,15,0
Tsuji,2002,"Environmental degradation of biodegradable polyesters 2. Poly(epsilon-caprolactone), poly [(R)-3-hydroxybutyrate], and poly(L-lactide) films in natural dynamic seawater",(PLLA) Poly-L-lactic acid,297000,1.28,3,0,0,1,1,0,0,1,4,0,2,1,20,0,0,178,65,43,0.05,183.3,40.73333333,2 Outdoor,2,22.5,7.9,1.5405E-07,13.21,100,24.2,35,0
Tsuji,2002,"Environmental degradation of biodegradable polyesters 2. Poly(epsilon-caprolactone), poly [(R)-3-hydroxybutyrate], and poly(L-lactide) films in natural dynamic seawater",(PLLA) Poly-L-lactic acid,297000,1.28,3,0,0,1,1,0,0,1,4,0,2,1,20,0,0,178,65,43,0.05,183.3,40.73333333,1 Indoor,2,25,7.9,3.32352E-09,0,100,1,35,0
Tsuji,2002,"Environmental degradation of biodegradable polyesters 2. Poly(epsilon-caprolactone), poly [(R)-3-hydroxybutyrate], and poly(L-lactide) films in natural dynamic seawater",(PLLA) Poly-L-lactic acid,290000,1.28,3,0,0,1,1,0,0,1,4,0,2,1,20,0,0,173,66,2,0.05,183.3,40.73333333,2 Outdoor,2,22.5,7.9,6.9537E-07,21.99,100,63.58,35,0
Tsuji,2002,"Environmental degradation of biodegradable polyesters 2. Poly(epsilon-caprolactone), poly [(R)-3-hydroxybutyrate], and poly(L-lactide) films in natural dynamic seawater",(PLLA) Poly-L-lactic acid,290000,1.28,3,0,0,1,1,0,0,1,4,0,2,1,20,0,0,173,66,2,0.05,183.3,40.73333333,1 Indoor,2,25,7.9,3.32352E-09,0,100,1,35,0
Tsuji,2001,"Environmental degradation of biodegradable polyesters 1. Poly(epsilon-caprolactone), poly[(R)-3-hydroxybutyrate], and poly(L-lactide) films in controlled static seawater",(PLLA) Poly-L-lactic acid,265000,1.28,3,0,0,1,1,0,0,1,4,0,2,1,20,0,0,173,68,2,0.05,183.3,40.73,1 Indoor,3,25,7.9,1.0919E-09,0,100,0.8,70,0
tsuji,2005,"Alkaline and enzymatic degradation of L-lactide copolymers, 1 - Amorphous-made films of L-lactide copolymers with D-lactide, glycolide, and epsilon-caprolactone",(PLLA) Poly-L-lactic acid,204600,1.28,3,0,0,1,1,0,0,1,4,0,2,1,20,0,0,166.8,53.3,1,0.15,409,13.63333333,1 Indoor,0,37,13,0.000034306,0.0125,100,45.63,0.208333333,0
tsuji,2005,"Alkaline and enzymatic degradation of L-lactide copolymers, 1 - Amorphous-made films of L-lactide copolymers with D-lactide, glycolide, and epsilon-caprolactone",(PLLA) Poly-L-lactic acid,204600,1.28,3,0,0,1,1,0,0,1,4,0,2,1,20,0,0,166.8,53.3,1,0.15,409,13.63333333,1 Indoor,7,37,8.6,0.000012042,0,100,38.23,0.5,0
tsutsumi,2001,Biodegradation of copolymers composed of optically active L-lactide and (R)- or (S)-1-methyltrimethylene carbonate,(PLLA) Poly-L-lactic acid,309320,1.28,3,0,0,1,1,0,0,1,4,0,2,1,20,0,0,164,59.1,40.45,0.06,51.2,34.13333333,1 Indoor,7,37,8,2.0058E-06,0.1394,100,89.72,10,0
tsutsumi,2001,Biodegradation of copolymers composed of optically active L-lactide and (R)- or (S)-1-methyltrimethylene carbonate,(PLLA) Poly-L-lactic acid,309320,1.28,3,0,0,1,1,0,0,1,4,0,2,1,20,0,0,164,59.1,40.45,0.06,51.2,34.13333333,1 Indoor,5,25,8.5,3.0069E-08,0,100,15.88,70,0
Urstadt,1995,"Calculation of Carbon Balances for Evaluation of the
Biodegradability of Polymers",(P3HB) Poly(3-hydroxybutyrate),540000,1.22,4,0,0,1,1,1,1,1,6,0,2,1,16.67,0,0,175,6,67,0.385,0.465662571,15.58441558,1 Indoor,4,25,7,0.000013738,0.6187,84.2,85,4.833333333,1
Urstadt,1995,"Calculation of Carbon Balances for Evaluation of the
Biodegradability of Polymers",(P3HB) Poly(3-hydroxybutyrate),540000,1.22,4,0,0,1,1,1,1,1,6,0,2,1,16.67,0,0,175,6,67,0.385,0.465662571,15.58441558,1 Indoor,4,25,7,0.000010459,0.5747,91.77,85,3.791666667,1
Urstadt,1995,"Calculation of Carbon Balances for Evaluation of the
Biodegradability of Polymers",(P3HB) Poly(3-hydroxybutyrate),540000,1.22,4,0,0,1,1,1,1,1,6,0,2,1,16.67,0,0,175,6,67,0.385,0.465662571,15.58441558,1 Indoor,4,25,7,0.000005265,0.7808,100,85,5,0
Urstadt,1995,"Calculation of Carbon Balances for Evaluation of the
Biodegradability of Polymers",(P3HB) Poly(3-hydroxybutyrate),540000,1.22,4,0,0,1,1,1,1,1,6,0,2,1,16.67,0,0,175,6,67,0.385,0.465662571,15.58441558,1 Indoor,5,25,7,0.000013368,2.766,89.9,85,6.125,1
Vaclavkova,2017,Novel aspects of symbiotic (polyvinyl alcohol) biodegradation,(PVA) Pol(yvinyl alcohol),48400,1.29,2,0,0,1,1,1,1,0,3,0,1,0,0,0,0,220,65,55,1,70,2.8,1 Indoor,6,25,7.5,2.3449E-06,0,30.87,31.05,41,1
Vaclavkova,2017,Novel aspects of symbiotic (polyvinyl alcohol) biodegradation,(PVA) Pol(yvinyl alcohol),48400,1.29,2,0,0,1,1,1,1,0,3,0,1,0,0,0,0,220,65,55,1,70,2.8,1 Indoor,6,25,7.5,1.8773E-06,0,88.53,94.22,41,1
vargas,2009,BIODEGRADATION OF TREATED POLYLACTIC ACID (PLA)UNDER ANAEROBIC CONDITIONS,(PLA) Polylactic acid,72912,1.26,3,0,0,1,1,0,0,1,4,0,2,1,20,0,0,154.1106754,66,31.9,0.2,820,10.25,1 Indoor,5,37,7,6.33252E-10,0,98.3,0.98,180,0
vargas,2009,BIODEGRADATION OF TREATED POLYLACTIC ACID (PLA)UNDER ANAEROBIC CONDITIONS,(PLA) Polylactic acid,61299,1.26,3,0,0,1,1,0,0,1,4,0,2,1,20,0,0,165,60,30.8,0.2,820,10.25,1 Indoor,5,37,7,1.06981E-09,0,98.3,1.65,180,0
vargas,2009,BIODEGRADATION OF TREATED POLYLACTIC ACID (PLA)UNDER ANAEROBIC CONDITIONS,(PLA) Polylactic acid,42777,1.26,3,0,0,1,1,0,0,1,4,0,2,1,20,0,0,165,60,30.8,0.2,820,10.25,1 Indoor,5,37,7,2.19097E-09,0,98.3,3.35,180,0
vargas,2009,BIODEGRADATION OF TREATED POLYLACTIC ACID (PLA)UNDER ANAEROBIC CONDITIONS,(PLA) Polylactic acid,41013,1.26,3,0,0,1,1,0,0,1,4,0,2,1,20,0,0,165,60,30.8,0.2,820,10.25,1 Indoor,5,37,7,6.59112E-09,0,98.3,9.74,180,0
vargas,2009,BIODEGRADATION OF TREATED POLYLACTIC ACID (PLA)UNDER ANAEROBIC CONDITIONS,(PLA) Polylactic acid,20433,1.26,3,0,0,1,1,0,0,1,4,0,2,1,20,0,0,165,60,30.8,0.2,820,10.25,1 Indoor,5,37,7,3.88399E-08,0,98.3,45.34,180,0
vargas,2009,BIODEGRADATION OF TREATED POLYLACTIC ACID (PLA)UNDER ANAEROBIC CONDITIONS,(PLA) Polylactic acid,147000,1.26,3,0,0,1,1,0,0,1,4,0,2,1,20,0,0,152,65,1.7,0.2,820,10.25,1 Indoor,0,37,7,1.22287E-10,0,98.3,0.19,180,0
vargas,2009,BIODEGRADATION OF TREATED POLYLACTIC ACID (PLA)UNDER ANAEROBIC CONDITIONS,(PLA) Polylactic acid,147000,1.26,3,0,0,1,1,0,0,1,4,0,2,1,20,0,0,152,65,1.7,0.2,820,10.25,1 Indoor,0,58,7,2.93592E-07,0,98.3,98.96,180,0
Volova,2010,Biodegradation of polyhydroxyalkanoates (PHAs) in tropical coastal waters and identification of PHA-degrading bacteria,(P3HB) Poly(3-hydroxybutyrate),1400000,1.147,4,0,0,1,1,1,1,1,6,0,2,1,16.67,0,0,175,6,71,0.09,1422.198994,22.35555556,2 Outdoor,2,28.4,7.25,3.7639E-08,30.9,97.52,37.14,160,0
Volova,2010,Biodegradation of polyhydroxyalkanoates (PHAs) in tropical coastal waters and identification of PHA-degrading bacteria,(P3HB) Poly(3-hydroxybutyrate),1360000,1.147,4,0,0,1,1,1,1,1,6,0,2,1,16.67,0,0,175,6,70,5,196.34,0.9,2 Outdoor,2,28.4,7.25,6.3692E-08,18.71,97.52,56.58,160,0
wang,2006,In vitro homogeneous and heterogeneous degradation of poly(epsilon-caprolactone/polyethylene glycol/L-lactide): the absence of autocatalysis and the role of enzymes,"(PDLLA) Poly-D,L-lactic acid",125000,1.25,3,0,0,1,1,0,0,1,4,0,2,1,20,0,0,N.A.,21,1,0.4,216,5.4,1 Indoor,0,37,7.4,2.6521E-08,0,75.09,23.46,140,0
wang,2009,Effects of lipase on poly(lactic acid) fibers,(PLA) Polylactic acid,147000,1.26,3,0,0,1,1,0,0,1,4,0,2,1,20,0,0,152,65,1.7,3.75,693.6047531,1.101754386,1 Indoor,7,45,8.5,0.00010425,0.1345,91.5,88.14,0.5,1
wang,2006,In vitro homogeneous and heterogeneous degradation of poly(epsilon-caprolactone/polyethylene glycol/L-lactide): the absence of autocatalysis and the role of enzymes,"(PDLLA) Poly-D,L-lactic acid",125000,1.25,3,0,0,1,1,0,0,1,4,0,2,1,20,0,0,N.A.,21,1,0.4,216,5.4,1 Indoor,0,37,7.4,1.7808E-07,7.574,100,83.23,112,0
wang,2006,In vitro homogeneous and heterogeneous degradation of poly(epsilon-caprolactone/polyethylene glycol/L-lactide): the absence of autocatalysis and the role of enzymes,"(PDLLA) Poly-D,L-lactic acid",125000,1.25,3,0,0,1,1,0,0,1,4,0,2,1,20,0,0,N.A.,21,1,0.4,216,5.4,1 Indoor,7,37,7.4,4.6429E-07,8.533,100,79.13,42,0
wang,2009,Effects of lipase on poly(lactic acid) fibers,(PLA) Polylactic acid,147000,1.26,3,0,0,1,1,0,0,1,4,0,2,1,20,0,0,152,65,1.7,3.75,693.6047531,1.101754386,1 Indoor,7,40,7.5,0.000061361,0.1155,37.43,3.35,0.5,1
wang,2006,In vitro homogeneous and heterogeneous degradation of poly(epsilon-caprolactone/polyethylene glycol/L-lactide): the absence of autocatalysis and the role of enzymes,"(PDLLA) Poly-D,L-lactic acid",125000,1.25,3,0,0,1,1,0,0,1,4,0,2,1,20,0,0,N.A.,21,1,0.4,216,5.4,1 Indoor,7,37,7.4,8.1796E-08,6.2699,75.09,17.15,42,0
wang,2017,A facile method for preparing biodegradable chitosan derivatives with low grafting degree of poly(lactic acid),(PCL) Polycaprolactone,143814,1.1438,6,0,0,0,0,5,5,0,10,0,2,1,12.5,0,0,60,-60,62,0.2,163.362818,10.4,1 Indoor,0,37,7.3,3.6574E-07,0,86.5,6.99,3,0
wang,2017,A facile method for preparing biodegradable chitosan derivatives with low grafting degree of poly(lactic acid),(PCL) Polycaprolactone,143814,1.1438,6,0,0,0,0,5,5,0,10,0,2,1,12.5,0,0,60,-60,62,0.2,163.362818,10.4,1 Indoor,7,37,7.3,7.0648E-06,0.4647,86.5,75.9,3,0
wang,2006,In vitro homogeneous and heterogeneous degradation of poly(epsilon-caprolactone/polyethylene glycol/L-lactide): the absence of autocatalysis and the role of enzymes,(PLLA) Poly-L-lactic acid,209000,1.28,3,0,0,1,1,0,0,1,4,0,2,1,20,0,0,140,38,75,0.4,216,5.4,1 Indoor,0,37,7.4,7.6968E-09,0,100,7.63,140,0
wang,2006,In vitro homogeneous and heterogeneous degradation of poly(epsilon-caprolactone/polyethylene glycol/L-lactide): the absence of autocatalysis and the role of enzymes,(PLLA) Poly-L-lactic acid,209000,1.28,3,0,0,1,1,0,0,1,4,0,2,1,20,0,0,140,38,75,0.4,216,5.4,1 Indoor,0,37,7.4,8.9649E-08,2.0244,100,64.8,140,0
wang,2006,In vitro homogeneous and heterogeneous degradation of poly(epsilon-caprolactone/polyethylene glycol/L-lactide): the absence of autocatalysis and the role of enzymes,(PLLA) Poly-L-lactic acid,209000,1.28,3,0,0,1,1,0,0,1,4,0,2,1,20,0,0,140,38,75,0.4,216,5.4,1 Indoor,7,37,7.4,3.8261E-08,10.101,100,42.98,140,0
wang,2006,In vitro homogeneous and heterogeneous degradation of poly(epsilon-caprolactone/polyethylene glycol/L-lactide): the absence of autocatalysis and the role of enzymes,(PLLA) Poly-L-lactic acid,209000,1.28,3,0,0,1,1,0,0,1,4,0,2,1,20,0,0,140,38,75,0.4,216,5.4,1 Indoor,7,37,7.4,1.7262E-07,35.392,100,74.73,140,0
Weng,2010,"Biodegradation behavior of PHBV films in a pilot-scale
composting condition",(P3HB) Poly(3-hydroxybutyrate),540000,1.22,4,0,0,1,1,1,1,1,6,0,2,1,16.67,0,0,168.3,2,63.44,0.12,20048,16.70666667,0 Dark,N.A.,40,7.6,1.1209E-06,5.53,81,80.32,35,1
woolnough,2008,Surface changes in polyhydroxyalkanoate films during biodegradation and biofouling,(P3HB) Poly(3-hydroxybutyrate),600000,1.56,4,0,0,1,1,1,1,1,6,0,2,1,16.67,0,0,169,2,88,0.2,134.4,10.5,1 Indoor,5,25,7,1.4653E-07,5.462,97.52,15.77,18,0
Woolnough,2013,A Tuneable Switch for Controlling Environmental Degradation of Bioplastics: Addition of Isothiazolinone to Polyhydroxyalkanoates,(P3HB) Poly(3-hydroxybutyrate),600000,1.22,4,0,0,1,1,1,1,1,6,0,2,1,16.67,0,0,169,2,88,0.2,208,10.4,0 Dark,5,20,6.7,1.0326E-07,14.91,97.52,60,112,0
Wu,2006,"Assessing biodegradability and mechanical, thermal, and morphological properties of an acrylic acid‐modified poly(3‐hydroxybutyric acid)/wood flours biocomposite",(P3HB) Poly(3-hydroxybutyrate),772000,1.25,4,0,0,1,1,1,1,1,6,0,2,1,16.67,0,0,173.1,4,53.55,0.05,5010,40.08,1 Indoor,7,30,6.3,3.5979E-07,0,5.514,5.19,84,1
wu,2015,"Preparation, Characterisation, and Controlled-Release of Biodegradable Polyester and Marine-Algae Composite",(PCL) Polycaprolactone,80000,1.1438,6,0,0,0,0,5,5,0,10,0,2,1,12.5,0,0,62.5,-59.3,60,0.05,6011,40.07333333,1 Indoor,6,30,7,5.1956E-08,8.275,86.5,33.5,120,0
yang,2012,Enzymatic degradation of poly(L-lactide)/poly(tetramethylene glycol) triblock copolymer electrospun fiber,(PLLA) Poly-L-lactic acid,60232,1.28,3,0,0,1,1,0,0,1,4,0,2,1,20,0,0,167,67,51.23,0.05,202,40.4,1 Indoor,7,37,8.6,0.000013322,0.1221,100,100,4,1
Yu,2003,Biodegradation-based Polymer Surface Erosion and Surface Renewal for Foul-release at Low Ship Speeds,(P3HB) Poly(3-hydroxybutyrate),540000,1.22,4,0,0,1,1,1,1,1,6,0,2,1,16.67,0,0,168.3,2,63.44,0.1,358.14,20.27,1 Indoor,4,30,1,1.5625E-06,1.568,97.52,48.84,7,0
Zenkiewicz,2012,Some composting and biodegradation effects of physically or chemically crosslinked poly(lactic acid),(PLA) Polylactic acid,154000,1.26,3,0,0,1,1,0,0,1,4,0,2,1,20,0,0,91,53,1,0.1,204,20.4,1 Indoor,7,37,8,2.3507E-07,2.192,98.3,10,7,0
Zhang,2013,Properties and enzymatic degradation of poly(acrylic acid) grafted polyhydroxyalkanoate films by plasma-initiated polymerization,(P3HB) Poly(3-hydroxybutyrate),680000,1.22,4,0,0,1,1,1,1,1,6,0,2,1,16.67,0,0,170,2,68.7,0.06,202.4,33.73,1 Indoor,7,37,7.4,0.000016525,0.0877,97.52,43.29,0.5,0
Zhang,2008,Morphological behaviour of poly(lactic acid) during hydrolytic degradation,(PLA) Polylactic acid,214000,1.26,3,0,0,1,1,0,0,1,4,0,2,1,20,0,0,166,62,6.19,1,1720,2.15,1 Indoor,0,60,3.5,9.6319E-08,13.78,98.3,50.43,94,0
Zhang,2008,Morphological behaviour of poly(lactic acid) during hydrolytic degradation,(PLA) Polylactic acid,214000,1.26,3,0,0,1,1,0,0,1,4,0,2,1,20,0,0,166,62,6.19,1,1720,2.15,1 Indoor,0,60,9,4.6412E-08,5.253,98.3,30.14,94,0
Zhang,2008,Morphological behaviour of poly(lactic acid) during hydrolytic degradation,(PLA) Polylactic acid,160000,1.26,3,0,0,1,1,0,0,1,4,0,2,1,20,0,0,91,53,1,1,1720,2.15,1 Indoor,0,50,7,2.6238E-07,12.34,98.3,69.11,94,0
Zhang,2008,Morphological behaviour of poly(lactic acid) during hydrolytic degradation,(PLA) Polylactic acid,160000,1.26,3,0,0,1,1,0,0,1,4,0,2,1,20,0,0,91,53,1,1,1720,2.15,1 Indoor,0,60,7,8.5231E-07,7.47,98.3,53.98,94,0
zhang,2006,The negative biodegradation of poly(vinyl alcohol) modified by aldehydes,(PVA) Pol(yvinyl alcohol),48400,1.29,2,0,0,1,1,1,1,0,3,0,1,0,0,0,0,220,65,55,0.01,2402.6,200.2166667,1 Indoor,4,35,7,4.7269E-07,0,90.05,20.82,6.958333333,0
zhang,2006,The negative biodegradation of poly(vinyl alcohol) modified by aldehydes,(PVA) Pol(yvinyl alcohol),48400,1.29,2,0,0,1,1,1,1,0,3,0,1,0,0,0,0,220,65,55,0.01,2402.6,200.2166667,1 Indoor,4,35,7,3.9155E-07,0.01124,90.05,24.66,9.708333333,0
Zhao,2006,Crystallization behavior and biodegradation of poly(3-hydroxybutyrate) and poly(ethylene glycol) multiblock copolymers,(P3HB) Poly(3-hydroxybutyrate),540000,1.22,4,0,0,1,1,1,1,1,6,0,2,1,16.67,0,0,168.3,2,63.44,0.15,612,13.6,0 Dark,4,30,7.4,0.000000344,0,97.52,46.4,21,0
